method,gamma,return,volatility
OSQP,0.01,0.19194337754985843,0.14801280980624337
OSQP,0.010317219334529941,0.19227192529163195,0.14803535746369703
OSQP,0.010644501479679849,0.1926108949124966,0.14805935447137858
OSQP,0.01098216564725855,0.1929606173051026,0.14808489381696124
OSQP,0.01133054117509065,0.19332143356817377,0.148112074338366
OSQP,0.011689967848233283,0.1936936956207309,0.14814100116882795
OSQP,0.01206079623038258,0.1940777665453463,0.14817178613279378
OSQP,0.012443388005792904,0.19447402094227367,0.14820454816603756
OSQP,0.012838116332042453,0.19488284529481076,0.14823941376139504
OSQP,0.013245366203989306,0.19530463834625278,0.14827651744158296
OSQP,0.013665534829272791,0.1957398114888039,0.14831600226063454
OSQP,0.014099032015726563,0.19618878916482352,0.14835802033555534
OSQP,0.014546280571081073,0.19665200928080373,0.14840273340988053
OSQP,0.015007716715345489,0.19712992363447693,0.14845031345088192
OSQP,0.015483790506271073,0.19762299835547373,0.14850094328225458
OSQP,0.015974966278311103,0.19813171435995755,0.14855481725418226
OSQP,0.016481723095505524,0.19865656781968194,0.14861214195275896
OSQP,0.017004555218731825,0.19919807064592815,0.14867313695081671
OSQP,0.017543972587778206,0.19975675098879334,0.14873803560228008
OSQP,0.01810050131870886,0.20030837487082723,0.14880409583264315
OSQP,0.018674684217006774,0.2008537249144583,0.14887146902634288
OSQP,0.019267081306994352,0.20141637428270406,0.14894315090478696
OSQP,0.019878270378048252,0.2019968719767676,0.14901941480498546
OSQP,0.02050884754814132,0.20259578418005167,0.14910055106401363
OSQP,0.02115942784526107,0.20321369503639267,0.14918686808266776
OSQP,0.021830645807271874,0.20385120721979824,0.14927869340607836
OSQP,0.022523156100806047,0.20450894252226143,0.14937637486339128
OSQP,0.023237634159787215,0.20518754246021897,0.14948028176901565
OSQP,0.02397477684420902,0.20588766890024954,0.14959080618795598
OSQP,0.0247353031198114,0.2066100047046193,0.14970836426773568
OSQP,0.025519954759317696,0.20735525439730634,0.1498333976393951
OSQP,0.026329497065916203,0.20812414485115033,0.1499663748899997
OSQP,0.027164719619692,0.20891742599680393,0.15010779310903133
OSQP,0.028026437047737128,0.20978268353482876,0.1502668648803265
OSQP,0.028915489818689973,0.21076844357217128,0.15045352029790002
OSQP,0.029832745062479196,0.21178547420249252,0.15065195161664985
OSQP,0.0307790974160713,0.21283476701078924,0.15086288509061135
OSQP,0.031755469896047134,0.2139173454157231,0.1510870896918966
OSQP,0.03276281479885812,0.2150342653007765,0.15132537932641987
OSQP,0.033802114629640265,0.21604856827549698,0.15154811120101894
OSQP,0.03487438306049219,0.21700000033250622,0.15176353659564276
OSQP,0.03598066591915137,0.2179816134184357,0.15199251062166858
OSQP,0.03712204220903312,0.21899436516935933,0.15223586365413394
OSQP,0.0382996251616273,0.22003924336393024,0.15249447412921904
OSQP,0.03951456332227906,0.2211172671150557,0.1527692710760333
OSQP,0.040768041670412536,0.22222948786387522,0.15306123665363033
OSQP,0.042061282775290254,0.2233769904052738,0.15337140876979377
OSQP,0.043395547988435576,0.22456089394592763,0.15370088377860694
OSQP,0.04477213867388096,0.22578235319591303,0.1540508192529787
OSQP,0.04619239747744206,0.22704255949494195,0.15442243682738185
OSQP,0.04765770963625571,0.22834274197432564,0.15481702510507905
OSQP,0.04916950432985915,0.2296841687557971,0.1552359426230547
OSQP,0.05072925607412767,0.2306573833943808,0.15554864538991298
OSQP,0.05233848615943104,0.23161540749913848,0.15586570910962377
OSQP,0.053998764134410966,0.23260152152499447,0.15620172832655183
OSQP,0.055711709336826704,0.23361891699929205,0.15655861162037063
OSQP,0.057478992472962065,0.23466858622512085,0.15693760438413823
OSQP,0.05930233724713452,0.23575155298827882,0.1573400202407174
OSQP,0.061183522042895164,0.23686887355102978,0.15776724405969783
OSQP,0.06312438165755971,0.2380216376823177,0.1582207350235768
OSQP,0.06512680909176222,0.23921096972066547,0.15870202973477157
OSQP,0.06719275739577694,0.24043802967078703,0.15921274535296545
OSQP,0.069324241574409,0.24170401433498945,0.15975458275105342
OSQP,0.07152334055231169,0.2430101584804622,0.16032932967668762
OSQP,0.07379219920164795,0.24435773604359762,0.16093886390519274
OSQP,0.07613303043407274,0.24574806137251354,0.16158515636841425
OSQP,0.07854811735907721,0.2471824905089912,0.16227027424293375
OSQP,0.08103981551079979,0.248662422688947,0.16299638399600186
OSQP,0.08361055514547634,0.2501888572104947,0.16376552940461261
OSQP,0.08626284361176907,0.25176324267618905,0.16458005596745642
OSQP,0.08899926779628765,0.25335958533573144,0.16542780953556327
OSQP,0.09182249664668668,0.25500062407640495,0.1663222642210869
OSQP,0.0947352837748007,0.2566937190336234,0.16726911133261016
OSQP,0.09774047014235544,0.2584405222363978,0.16827112902023864
OSQP,0.10084098683187565,0.2602427374141267,0.16933121203440757
OSQP,0.10403985790549065,0.2621021223417909,0.17045237374218747
OSQP,0.1073402033544276,0.2640204905543944,0.1716377478712721
OSQP,0.11074524214206764,0.2659997131157763,0.17289059001867574
OSQP,0.11425829534353403,0.26804172044353886,0.17421427891210503
OSQP,0.11788278938487422,0.2701485041918636,0.17561231741492303
OSQP,0.12162225938499452,0.2723221191940522,0.1770883332690702
OSQP,0.12548035260360815,0.27456468546669266,0.17864607957422834
OSQP,0.12946083199855804,0.2768783902773979,0.18028943500583652
OSQP,0.13356757989598556,0.2792485538520624,0.18201010942712298
OSQP,0.13780460177692355,0.28128870509642556,0.1835242500718546
OSQP,0.14217603018400746,0.2833165871336556,0.18506429880106298
OSQP,0.1466861287521155,0.2850842477020074,0.18643874291022164
OSQP,0.15133929636686744,0.2869079817435717,0.18789072341801039
OSQP,0.15614007145504014,0.28878956815503504,0.18942405581250638
OSQP,0.16109313641108275,0.29073084212542877,0.191042690153205
OSQP,0.1662033221640492,0.2927336970595256,0.19275071143126268
OSQP,0.1714756128894038,0.2942572362216646,0.1940771864112341
OSQP,0.17691515087029286,0.2953290662949331,0.19503684045163894
OSQP,0.1825272415130268,0.296434895689732,0.19605318419203496
OSQP,0.1883173585216616,0.29757580413097295,0.19712927407343273
OSQP,0.19429114923672938,0.2987529043938627,0.19826830103881868
OSQP,0.20045444014332275,0.29996734455295965,0.199473592268699
OSQP,0.2068132425539064,0.3012203091019657,0.20074861367967217
OSQP,0.21337375847139947,0.3025130201090146,0.20209697217538958
OSQP,0.22014238663824442,0.3032055503885011,0.20283615377300787
OSQP,0.22712572877736611,0.30374616348374034,0.20343132463210586
OSQP,0.23433059603110462,0.3043039250408471,0.20406294688613622
OSQP,0.24176401560440375,0.3048793798729404,0.20473313624604847
OSQP,0.2494332376187354,0.30547308924492234,0.20544411726312672
OSQP,0.2573457421834418,0.3060856322260926,0.20619822753860317
OSQP,0.2655092466913963,0.30671760625494887,0.2069979217642677
OSQP,0.2739317133460955,0.30736962772189247,0.2078457757246006
OSQP,0.282621356927525,0.3080423325704202,0.20874449023866246
OSQP,0.29158665280437496,0.3087363769173871,0.20969689501870103
OSQP,0.30083634520041663,0.3094524376929412,0.21070595242137025
OSQP,0.3103794557231064,0.31019121330076627,0.21177476106663748
OSQP,0.32022529216273127,0.31095342429925915,0.21290655929892255
OSQP,0.330383457570683,0.3117398141043232,0.2141047284648629
OSQP,0.3408638596257105,0.3125511497144521,0.2153727959823368
OSQP,0.35167672029728797,0.3133882224588129,0.21671443817609556
OSQP,0.36283258581552597,0.3142518487690659,0.21813348285659745
OSQP,0.3743423369573438,0.31514287097566157,0.2196339116204213
OSQP,0.38621719965894297,0.31606215812939953,0.22121986185304474
OSQP,0.39846875596492587,0.3170106068490521,0.22289562841778815
OSQP,0.4111089553247426,0.31798914219587376,0.22466566501837862
OSQP,0.4241501262474842,0.3187398960069474,0.22605041078996793
OSQP,0.43760498832638595,0.31926151323563284,0.2270405215818639
OSQP,0.45148666464477405,0.3197981573096801,0.22808848467381246
OSQP,0.4658086945755498,0.320351657972709,0.22919858851274805
OSQP,0.48058504698670146,0.32092271667763644,0.23037435726868752
OSQP,0.4958301338657179,0.3215150780141875,0.2316159366701421
OSQP,0.5115588243761954,0.32173384978396374,0.23210774533180503
OSQP,0.5277864593603492,0.3219735326451508,0.2326433309013758
OSQP,0.5445288663015695,0.32222061572645294,0.23321188716668487
OSQP,0.5618023747616222,0.32247545007539485,0.23381548442038277
OSQP,0.5796238323075447,0.3227383682482248,0.2344562746760758
OSQP,0.598010620943774,0.32300962669383415,0.23513644366802036
OSQP,0.6169806740655365,0.3232894899818044,0.2358582928649444
OSQP,0.6365524939500268,0.3235782310743705,0.2366242441486047
OSQP,0.6567451698024469,0.3238761315926612,0.2374368445041812
OSQP,0.6775783963744958,0.3241834820913674,0.23829877071569766
OSQP,0.699072493173474,0.3245005823421423,0.23921283404504823
OSQP,0.721248424280742,0.32482774162596834,0.24018198487140738
OSQP,0.7441278187988525,0.3251652790348251,0.24120931726618186
OSQP,0.7677329919473117,0.3255135237829038,0.2422980734771217
OSQP,0.7920869668275324,0.32587281552770525,0.2434516482939533
OSQP,0.8172134968782193,0.32624350470132685,0.2446735932668728
OSQP,0.8431370890430792,0.3266259528522457,0.2459676207485521
OSQP,0.8698830276734549,0.3270205329979569,0.24733760773004865
OSQP,0.8974773991892017,0.3274276299887919,0.24878759944118445
OSQP,0.9259471175218478,0.32784764088328006,0.2503218126866753
OSQP,0.9553199503648675,0.32828097533541045,0.2519446388905963
OSQP,0.9856245462566599,0.3287280559941949,0.25366064682372624
OSQP,1.0168904625226516,0.32918931891588854,0.25547458499090514
OSQP,1.049148194103779,0.32966521398928694,0.2573913836589353
OSQP,1.0824292032994687,0.3301562053745317,0.25941615650959227
OSQP,1.1167659504541123,0.33066277195582794,0.2615542019071449
OSQP,1.1521919256169868,0.33118540780850403,0.2638110037752693
OSQP,1.1887416812064866,0.3317246226809193,0.26619223208444304
OSQP,1.2264508657105195,0.3322809424916344,0.2687037429576281
OSQP,1.2653562584559563,0.3328549098423657,0.2713515784093025
OSQP,1.305495805481025,0.33344708454719846,0.27414196574049243
OSQP,1.3469086565456578,0.3340580441786113,0.2770813166202782
OSQP,1.3896352033158614,0.33468838463079326,0.2801762258920766
OSQP,1.4337171187593845,0.33533872070085274,0.28343347015073656
OSQP,1.4791973977910886,0.3360096866884484,0.2868600061438414
OSQP,1.5261203992076604,0.3367019370144519,0.29046296905744184
OSQP,1.5745318889525834,0.33741614685923155,0.29424967075254044
OSQP,1.6244790847535535,0.3379692685849948,0.29719999899871946
OSQP,1.6760107021758872,0.3379601756978816,0.29718666753166295
OSQP,1.7291770021368176,0.337961274145424,0.29718827799837966
OSQP,1.7840298399270484,0.3379618002628351,0.2971890493561557
OSQP,1.840622715787371,0.33796197698157887,0.2971893084494234
OSQP,1.8990108270896482,0.33796215920009925,0.2971895756061992
OSQP,1.9592511221731002,0.3379623471989131,0.2971898512377684
OSQP,2.0214023558883802,0.3379625411614086,0.2971901356130188
OSQP,2.085525146903598,0.33796274127676856,0.29719042900932513
OSQP,2.1516820368282206,0.33796294774017976,0.29719073171286253
OSQP,2.219937551212487,0.3379631607530102,0.29719104401888247
OSQP,2.2903582624818535,0.3379633805230151,0.297191366232
OSQP,2.363012854867819,0.33796360726455316,0.2971916986665014
OSQP,2.4379721913985044,0.33796384119876993,0.29719204164663526
OSQP,2.515309383014299,0.3379640825538322,0.29719239550694226
OSQP,2.5950998598759716,0.33796433156514144,0.29719276059257416
OSQP,2.677421444934833,0.337964588475571,0.297193137259631
OSQP,2.7623544298366736,0.337957349001558,0.29718252324523386
OSQP,2.849981653233537,0.3379573841299871,0.2971825747477007
OSQP,2.940388581579667,0.33795742065433854,0.29718262829675446
OSQP,3.0336633924904794,0.3379574583373081,0.29718268354450167
OSQP,3.129897060745848,0.33795749721566765,0.2971827405448259
OSQP,3.2291834470215512,0.3379575373273217,0.2971827993533135
OSQP,3.3316193894354806,0.3379575787113918,0.29718286002732264
OSQP,3.437304797997856,0.33795762140824637,0.29718292262603774
OSQP,3.546342752057603,0.3379576654595234,0.29718298721050684
OSQP,3.658839600839884,0.3379577109081997,0.29718305384373167
OSQP,3.7749050671729045,0.3379577577985928,0.2971831225906954
OSQP,3.8946523545051352,0.337957806176432,0.2971831935184504
OSQP,4.018198257317296,0.33795785608892714,0.29718326669618345
OSQP,4.14566327503685,0.3379579075847262,0.29718334219525966
OSQP,4.277171729566093,0.33796414231202326,0.2971924896835222
OSQP,4.412851886538418,0.33796042481638305,0.2971870443696786
OSQP,4.552836080421112,0.3379605587450612,0.29718724109198713
OSQP,4.697260843586617,0.3379606959741669,0.29718744266715047
OSQP,4.84626703947823,0.3379608375566259,0.29718765063698765
OSQP,5.0,0.33796098363034865,0.2971878652040928
CLARABEL,0.01,0.19194341923571503,0.14801281528878904
CLARABEL,0.010317219334529941,0.19227196340264802,0.14803536267779835
CLARABEL,0.010644501479679849,0.19261092974171032,0.1480593594789422
CLARABEL,0.01098216564725855,0.19296064882564246,0.1480848986042959
CLARABEL,0.01133054117509065,0.19332146170500886,0.14811207888722813
CLARABEL,0.011689967848233283,0.19369372023719486,0.1481410054550211
CLARABEL,0.01206079623038258,0.19407778742442686,0.14817179012423898
CLARABEL,0.012443388005792904,0.19447403775950486,0.14820455182002137
CLARABEL,0.012838116332042453,0.19488285757544135,0.14823941702029744
CLARABEL,0.013245366203989306,0.1953046453888944,0.1482765202253277
CLARABEL,0.013665534829272791,0.19573981221177272,0.14831600445137103
CLARABEL,0.014099032015726563,0.19618878176776391,0.14835802174315985
CLARABEL,0.014546280571081073,0.1966519904584948,0.14840273368956267
CLARABEL,0.015007716715345489,0.19712988666881406,0.14845031189851685
CLARABEL,0.015483790506271073,0.19762292795325528,0.14850093827411873
CLARABEL,0.015974966278311103,0.1981315677331808,0.14855480418170622
CLARABEL,0.016481723095505524,0.19865616744207523,0.14861210123580113
CLARABEL,0.017004555218731825,0.19919635979420813,0.14867294759504548
CLARABEL,0.017543972587778206,0.19974785640192838,0.14873699959928102
CLARABEL,0.01810050131870886,0.20029988158016343,0.148803092199703
CLARABEL,0.018674684217006774,0.2008521946211253,0.14887129237389868
CLARABEL,0.019267081306994352,0.20141605716275568,0.1489431166338177
CLARABEL,0.019878270378048252,0.20199677232985574,0.1490194054718163
CLARABEL,0.02050884754814132,0.20259574458518156,0.14910054850313048
CLARABEL,0.02115942784526107,0.2032136792178752,0.14918686818620247
CLARABEL,0.021830645807271874,0.20385120302856857,0.14927869482886386
CLARABEL,0.022523156100806047,0.20450894524339958,0.14937637712046245
CLARABEL,0.023237634159787215,0.2051875504569101,0.14948028475243724
CLARABEL,0.02397477684420902,0.20588768253498238,0.14959081008420744
CLARABEL,0.0247353031198114,0.2066100274522103,0.1497083698217799
CLARABEL,0.025519954759317696,0.20735530175581965,0.1498334078907137
CLARABEL,0.026329497065916203,0.20812432142285459,0.1499664097536511
CLARABEL,0.027164719619692,0.20892028356408032,0.1501083279843185
CLARABEL,0.028026437047737128,0.20979096104797668,0.1502684192253696
CLARABEL,0.028915489818689973,0.21076864647407328,0.15045356140717872
CLARABEL,0.029832745062479196,0.21178549184069317,0.15065195626449454
CLARABEL,0.0307790974160713,0.21283475134889046,0.1508628829818464
CLARABEL,0.031755469896047134,0.21391723118348402,0.1510870672746112
CLARABEL,0.03276281479885812,0.21502876086935183,0.1513241961959796
CLARABEL,0.033802114629640265,0.216046434336948,0.15154764973744816
CLARABEL,0.03487438306049219,0.2169999254399566,0.15176352146121522
CLARABEL,0.03598066591915137,0.21798159093231287,0.15199250656185173
CLARABEL,0.03712204220903312,0.21899435194257857,0.15223586152162036
CLARABEL,0.0382996251616273,0.22003923279990695,0.15249447254110698
CLARABEL,0.03951456332227906,0.22111725689608938,0.1527692695420821
CLARABEL,0.040768041670412536,0.22222947646777105,0.15306123483372489
CLARABEL,0.042061282775290254,0.22337697579748933,0.15337140616140024
CLARABEL,0.043395547988435576,0.2245608718486298,0.15370087924351317
CLARABEL,0.04477213867388096,0.22578231227610013,0.1540508096267849
CLARABEL,0.04619239747744206,0.22704246099337547,0.15442241077260327
CLARABEL,0.04765770963625571,0.2283423871388224,0.15481692180603326
CLARABEL,0.04916950432985915,0.2296793495193539,0.15523441811199032
CLARABEL,0.05072925607412767,0.23065060629300896,0.15554646521594712
CLARABEL,0.05233848615943104,0.23161350308864642,0.1558650997531753
CLARABEL,0.053998764134410966,0.23260115527125363,0.15620161434327837
CLARABEL,0.055711709336826704,0.23361880245054437,0.15655857706796097
CLARABEL,0.057478992472962065,0.23466852208462363,0.15693758531106275
CLARABEL,0.05930233724713452,0.2357515011957137,0.15734000470508666
CLARABEL,0.061183522042895164,0.23686882176535948,0.15776722806084792
CLARABEL,0.06312438165755971,0.23802157825088185,0.15822071582463448
CLARABEL,0.06512680909176222,0.2392108946086978,0.1587020041346544
CLARABEL,0.06719275739577694,0.24043792780203138,0.15921270858334174
CLARABEL,0.069324241574409,0.2417038688219041,0.15975452713130425
CLARABEL,0.07152334055231169,0.24300994275624305,0.16032924259572767
CLARABEL,0.07379219920164795,0.24435740858207547,0.1609387249254932
CLARABEL,0.07613303043407274,0.24574755870143242,0.16158493330092524
CLARABEL,0.07854811735907721,0.24718171670431183,0.1622699172969786
CLARABEL,0.08103981551079979,0.24866121901844837,0.16299580980017225
CLARABEL,0.08361055514547634,0.25018845459957645,0.16376533000281565
CLARABEL,0.08626284361176907,0.2517617651971433,0.16457929004240868
CLARABEL,0.08899926779628765,0.25335947845104656,0.1654277558405092
CLARABEL,0.09182249664668668,0.2550001145776115,0.1663220158341398
CLARABEL,0.0947352837748007,0.25669349086977183,0.1672690031798745
CLARABEL,0.09774047014235544,0.2584404072379107,0.1682710760828041
CLARABEL,0.10084098683187565,0.2602426749445097,0.16933118418896384
CLARABEL,0.10403985790549065,0.2621020855564954,0.1704523579038554
CLARABEL,0.1073402033544276,0.2640204666079221,0.17163773788886033
CLARABEL,0.11074524214206764,0.2659996955220311,0.17289058283100373
CLARABEL,0.11425829534353403,0.2680417055279022,0.17421427277914894
CLARABEL,0.11788278938487422,0.2701484886042081,0.17561231057903318
CLARABEL,0.12162225938499452,0.2723220926867534,0.17708831937134828
CLARABEL,0.12548035260360815,0.27456451811997484,0.1786459708377232
CLARABEL,0.12946083199855804,0.2768779717430536,0.18028913854652273
CLARABEL,0.13356757989598556,0.2792476437197595,0.18200944759531143
CLARABEL,0.13780460177692355,0.28128850267232086,0.18352411046185288
CLARABEL,0.14217603018400746,0.28331526642303123,0.18506329205121574
CLARABEL,0.1466861287521155,0.2850842119367468,0.18643872012200763
CLARABEL,0.15133929636686744,0.2869079688903189,0.1878907171146221
CLARABEL,0.15614007145504014,0.28878955864361955,0.18942405185114372
CLARABEL,0.16109313641108275,0.2907306092367366,0.19104253828133463
CLARABEL,0.1662033221640492,0.2927336672162392,0.1927506902964351
CLARABEL,0.1714756128894038,0.29425720532908745,0.19407716300462802
CLARABEL,0.17691515087029286,0.2953289189217613,0.19503673596813587
CLARABEL,0.1825272415130268,0.2964348254264532,0.19605313978786854
CLARABEL,0.1883173585216616,0.29757575604460523,0.19712924578546498
CLARABEL,0.19429114923672938,0.2987528653361044,0.19826827873842418
CLARABEL,0.20045444014332275,0.2999673054199613,0.19947356839449942
CLARABEL,0.2068132425539064,0.3012202225959426,0.20074854292186672
CLARABEL,0.21337375847139947,0.3025120746841048,0.20209598793386918
CLARABEL,0.22014238663824442,0.3032050658675342,0.20283567258456853
CLARABEL,0.22712572877736611,0.3037461137544426,0.20343128784035439
CLARABEL,0.23433059603110462,0.30430389705341354,0.20406293104555256
CLARABEL,0.24176401560440375,0.30487935726185134,0.20473312545307065
CLARABEL,0.2494332376187354,0.3054730687627045,0.20544410850892103
CLARABEL,0.2573457421834418,0.3060856126282017,0.20619821974618355
CLARABEL,0.2655092466913963,0.30671758691146345,0.20699791442207513
CLARABEL,0.2739317133460955,0.30736960836141225,0.20784576861978324
CLARABEL,0.282621356927525,0.30804231301703405,0.20874448324198114
CLARABEL,0.29158665280437496,0.30873635705463004,0.2096968880510977
CLARABEL,0.30083634520041663,0.30945241743761565,0.21070594543146964
CLARABEL,0.3103794557231064,0.31019119258282085,0.2117747540136834
CLARABEL,0.32022529216273127,0.31095340305136515,0.21290655214161885
CLARABEL,0.330383457570683,0.3117397922589383,0.21410472115493612
CLARABEL,0.3408638596257105,0.31255112719647526,0.21537278845489197
CLARABEL,0.35167672029728797,0.31338819915833144,0.2167144303149934
CLARABEL,0.36283258581552597,0.3142518244574643,0.21813347438570818
CLARABEL,0.3743423369573438,0.31514284496540357,0.21963390157882545
CLARABEL,0.38621719965894297,0.31606212689730884,0.22121984480573495
CLARABEL,0.39846875596492587,0.3170105232473291,0.2228955251288325
CLARABEL,0.4111089553247426,0.31798900603379926,0.22466545783453223
CLARABEL,0.4241501262474842,0.31873702879885935,0.2260480318090997
CLARABEL,0.43760498832638595,0.3192568501188963,0.22703673340219652
CLARABEL,0.45148666464477405,0.3197932928901146,0.2280846653100938
CLARABEL,0.4658086945755498,0.32034662579321094,0.22919464260152048
CLARABEL,0.48058504698670146,0.3209175687098414,0.2303703836209739
CLARABEL,0.4958301338657179,0.3214925830879852,0.23158533271760168
CLARABEL,0.5115588243761954,0.321732677979887,0.23210664773186981
CLARABEL,0.5277864593603492,0.32197195816657836,0.23264178723367174
CLARABEL,0.5445288663015695,0.3222189753423029,0.2332103585801621
CLARABEL,0.5618023747616222,0.3224737716456135,0.23381393793468902
CLARABEL,0.5796238323075447,0.3227366407367369,0.23445469111839584
CLARABEL,0.598010620943774,0.3230078461903935,0.23513481776620382
CLARABEL,0.6169806740655365,0.32328765394358133,0.2358566220851849
CLARABEL,0.6365524939500268,0.32357633734702723,0.2366225267973658
CLARABEL,0.6567451698024469,0.3238741781491622,0.23743507923401505
CLARABEL,0.6775783963744958,0.3241814668784287,0.23829695626962985
CLARABEL,0.699072493173474,0.3244985033458129,0.2392109693276278
CLARABEL,0.721248424280742,0.32482559678722955,0.24018006882939621
CLARABEL,0.7441278187988525,0.3251630662398769,0.2412073488778414
CLARABEL,0.7677329919473117,0.3255112408573696,0.24229605174856564
CLARABEL,0.7920869668275324,0.3258704602323068,0.24344957225847616
CLARABEL,0.8172134968782193,0.3262410747282766,0.24467146198585593
CLARABEL,0.8431370890430792,0.32662344582199154,0.24596543331334986
CLARABEL,0.8698830276734549,0.3270179464560731,0.24733536326447758
CLARABEL,0.8974773991892017,0.3274249613918174,0.248785297090126
CLARABEL,0.9259471175218478,0.3278448876176562,0.25031945164819996
CLARABEL,0.9553199503648675,0.32827813470387,0.25194221840710473
CLARABEL,0.9856245462566599,0.3287251252130032,0.25365816618853615
CLARABEL,1.0168904625226516,0.3291862951125055,0.2554720435572964
CLARABEL,1.049148194103779,0.3296620941993539,0.25738878085040945
CLARABEL,1.0824292032994687,0.33015298653558095,0.25941349182802625
CLARABEL,1.1167659504541123,0.3306594508934664,0.26155147493462266
CLARABEL,1.1521919256169868,0.33118198097722074,0.2638082138505183
CLARABEL,1.1887416812064866,0.3317210863866685,0.2661893785086162
CLARABEL,1.2264508657105195,0.33227729329172423,0.2687008254396031
CLARABEL,1.2653562584559563,0.3328511442776884,0.27134859639834047
CLARABEL,1.305495805481025,0.3334431979445052,0.2741389174718074
CLARABEL,1.3469086565456578,0.3340540404220505,0.27707821157615337
CLARABEL,1.3896352033158614,0.3346842530444459,0.28017305474758686
CLARABEL,1.4337171187593845,0.3353344503000529,0.2834302058473534
CLARABEL,1.4791973977910886,0.3360052890025925,0.28685670766099136
CLARABEL,1.5261203992076604,0.3366973947840357,0.2904595827119198
CLARABEL,1.5745318889525834,0.3374114644985058,0.2942462395878452
CLARABEL,1.6244790847535535,0.3379560162757463,0.2971797192791947
CLARABEL,1.6760107021758872,0.3379562214344906,0.2971808282012859
CLARABEL,1.7291770021368176,0.3379562320804995,0.2971808835213453
CLARABEL,1.7840298399270484,0.33795622164761313,0.29718083945019436
CLARABEL,1.840622715787371,0.3379562295105765,0.2971808748643006
CLARABEL,1.8990108270896482,0.3379562316142336,0.29718088327008857
CLARABEL,1.9592511221731002,0.3379562323145048,0.29718088564380163
CLARABEL,2.0214023558883802,0.3379562321644214,0.29718088562979234
CLARABEL,2.085525146903598,0.33795623258761787,0.29718088642471663
CLARABEL,2.1516820368282206,0.3379562323865235,0.29718088558711825
CLARABEL,2.219937551212487,0.33795623186209367,0.2971808833398389
CLARABEL,2.2903582624818535,0.3379562308522319,0.29718087883274386
CLARABEL,2.363012854867819,0.3379562294014949,0.29718087323098297
CLARABEL,2.4379721913985044,0.3379562294012854,0.2971808742486955
CLARABEL,2.515309383014299,0.3379562316399488,0.2971808822739117
CLARABEL,2.5950998598759716,0.3379562317339326,0.29718088374775026
CLARABEL,2.677421444934833,0.33795622925985025,0.2971808769477774
CLARABEL,2.7623544298366736,0.3379562326697033,0.2971808864826433
CLARABEL,2.849981653233537,0.33795623254827983,0.2971808862487579
CLARABEL,2.940388581579667,0.3379562324377748,0.29718088609432125
CLARABEL,3.0336633924904794,0.33795623242957645,0.29718088613606086
CLARABEL,3.129897060745848,0.33795623246676904,0.29718088624149863
CLARABEL,3.2291834470215512,0.337956232369834,0.2971808859006932
CLARABEL,3.3316193894354806,0.33795623241110545,0.29718088581161933
CLARABEL,3.437304797997856,0.3379562325741421,0.2971808861822273
CLARABEL,3.546342752057603,0.33795623265585034,0.2971808864126362
CLARABEL,3.658839600839884,0.33795623268326574,0.2971808864929654
CLARABEL,3.7749050671729045,0.33795622970218225,0.29718087652263325
CLARABEL,3.8946523545051352,0.3379562307065601,0.29718088001979015
CLARABEL,4.018198257317296,0.3379562312921713,0.29718088204429177
CLARABEL,4.14566327503685,0.3379562317156968,0.29718088350648797
CLARABEL,4.277171729566093,0.3379562320222132,0.29718088456272596
CLARABEL,4.412851886538418,0.3379562322332371,0.29718088527636455
CLARABEL,4.552836080421112,0.33795623237464856,0.29718088573124224
CLARABEL,4.697260843586617,0.33795623246856216,0.29718088601070525
CLARABEL,4.84626703947823,0.3379562325294376,0.2971808861784706
CLARABEL,5.0,0.337956232565285,0.2971808862794923
SCS,0.01,0.19194267028439232,0.1480127418166955
SCS,0.010317219334529941,0.19227191496290333,0.14803535663157383
SCS,0.010644501479679849,0.19261088448915017,0.1480593536105882
SCS,0.01098216564725855,0.1929606065515733,0.14808489290558796
SCS,0.01133054117509065,0.19332142247395745,0.14811207337331617
SCS,0.011689967848233283,0.19369368417505844,0.14814100014682116
SCS,0.01206079623038258,0.1940777547371109,0.1481717850503469
SCS,0.012443388005792904,0.19447400876001975,0.1482045470194513
SCS,0.012838116332042453,0.19488283272672371,0.1482394125467413
SCS,0.013245366203989306,0.19530462538014773,0.14827651615469034
SCS,0.013665534829272791,0.1957397981121142,0.14831600089707353
SCS,0.014099032015726563,0.1961887753645896,0.14835801889062278
SCS,0.014546280571081073,0.19665199504366063,0.14840273187858252
SCS,0.015007716715345489,0.19712990894664276,0.14845031182791674
SCS,0.015483790506271073,0.19762298320273602,0.14850094156199328
SCS,0.015974966278311103,0.19813169872766082,0.14855481543064922
SCS,0.016481723095505524,0.1986565516927146,0.14861214001961126
SCS,0.017004555218731825,0.19919805400870855,0.14867313490132175
SCS,0.017543972587778206,0.19975673382525547,0.14873803342929204
SCS,0.01810050131870886,0.20030835697040603,0.14880409349607898
SCS,0.018674684217006774,0.20085370620075976,0.14887146650608707
SCS,0.019267081306994352,0.201416354977146,0.14894314823368845
SCS,0.019878270378048252,0.20199685206074453,0.14901941197382831
SCS,0.02050884754814132,0.20259576363438217,0.14910054806302353
SCS,0.02115942784526107,0.20321367384130415,0.1491868649014775
SCS,0.021830645807271874,0.20385118535491023,0.14927869003369404
SCS,0.022523156100806047,0.2045089199665678,0.14937637128815578
SCS,0.023237634159787215,0.20518751919207043,0.1494802779785704
SCS,0.02397477684420902,0.20588764489733563,0.1495908021692018
SCS,0.0247353031198114,0.20660997994394945,0.14970836000679028
SCS,0.025519954759317696,0.20735522885519075,0.14983339312154884
SCS,0.026329497065916203,0.20812411850318138,0.14996637009967057
SCS,0.027164719619692,0.20891739881783622,0.15010778802971628
SCS,0.028026437047737128,0.20978265876690608,0.15026686011456994
SCS,0.028915489818689973,0.21076841881461753,0.15045351535081466
SCS,0.029832745062479196,0.21178544866654514,0.150651946370727
SCS,0.0307790974160713,0.2128347406719776,0.15086287952790217
SCS,0.031755469896047134,0.21391731824932678,0.1510870837935296
SCS,0.03276281479885812,0.21503423728136567,0.15132537307246408
SCS,0.033802114629640265,0.21604855765174083,0.15154810876681998
SCS,0.03487438306049219,0.2169999891529094,0.15176353393870137
SCS,0.03598066591915137,0.21798160188262414,0.1519925078082206
SCS,0.03712204220903312,0.2189943532660764,0.15223586067494008
SCS,0.0382996251616273,0.2200392310815895,0.15249447097452948
SCS,0.03951456332227906,0.2211172544417244,0.1527692677355568
SCS,0.040768041670412536,0.22222947478726612,0.15306123311650877
SCS,0.042061282775290254,0.22337697691273767,0.1533714050245769
SCS,0.043395547988435576,0.22456088002444527,0.1537008798132265
SCS,0.04477213867388096,0.22578233883208737,0.15405081505472168
SCS,0.04619239747744206,0.22704254467499158,0.15442243238286488
SCS,0.04765770963625571,0.22834272668407707,0.15481702040022133
SCS,0.04916950432985915,0.22968415298067815,0.15523593764305177
SCS,0.05072925607412767,0.23065737094232183,0.15554864140475602
SCS,0.05233848615943104,0.23161539546862878,0.1558657051299682
SCS,0.053998764134410966,0.23260150916272848,0.15620172412919045
SCS,0.055711709336826704,0.23361890424377296,0.15655860717825282
SCS,0.057478992472962065,0.23466857306392558,0.15693759968320256
SCS,0.05930233724713452,0.2357515394086138,0.15734001526616384
SCS,0.061183522042895164,0.23686885953971346,0.1577672387959549
SCS,0.06312438165755971,0.23802162322577267,0.15822072945427268
SCS,0.06512680909176222,0.2392109548049074,0.15870202384270363
SCS,0.06719275739577694,0.24043801428141562,0.15921273912007142
SCS,0.069324241574409,0.24170399845717827,0.15975457615838198
SCS,0.07152334055231169,0.24301014209894978,0.16032932270437078
SCS,0.07379219920164795,0.2443577191426778,0.16093885653241863
SCS,0.07613303043407274,0.24574804393602626,0.1615851485734012
SCS,0.07854811735907721,0.2471824727961628,0.1622702661346353
SCS,0.08103981551079979,0.24866240488225022,0.16299637572640832
SCS,0.08361055514547634,0.2501888399007565,0.1637655212165154
SCS,0.08626284361176907,0.25176322471203977,0.16458004728387313
SCS,0.08899926779628765,0.253359567335421,0.1654278005245916
SCS,0.09182249664668668,0.2550006048210931,0.16632225466836065
SCS,0.0947352837748007,0.2566936991714374,0.16726910125241534
SCS,0.09774047014235544,0.2584405017488655,0.1682711183862287
SCS,0.10084098683187565,0.2602427162822858,0.16933120081927772
SCS,0.10403985790549065,0.26210210054618976,0.1704523619176809
SCS,0.1073402033544276,0.26402046807508645,0.17163773540818827
SCS,0.11074524214206764,0.2659996899323195,0.1728905768868854
SCS,0.11425829534353403,0.2680416965349938,0.1742142650805697
SCS,0.11788278938487422,0.27014847953679394,0.17561230285171991
SCS,0.12162225938499452,0.272322093770527,0.1770883179414246
SCS,0.12548035260360815,0.2745646592522897,0.17864606344855094
SCS,0.12946083199855804,0.27687836324920895,0.18028941804776838
SCS,0.13356757989598556,0.2792485247885099,0.18201009090489026
SCS,0.13780460177692355,0.28128866659623586,0.18352422459678083
SCS,0.14217603018400746,0.2833165813869181,0.18506429695903712
SCS,0.1466861287521155,0.28508424164933444,0.18643874106904162
SCS,0.15133929636686744,0.28690797549906766,0.187890721503603
SCS,0.15614007145504014,0.28878956171263526,0.1894240538222112
SCS,0.16109313641108275,0.29073083547887446,0.1910426880842968
SCS,0.1662033221640492,0.29273369020236006,0.19275070928095356
SCS,0.1714756128894038,0.2942572293006327,0.1940771831717373
SCS,0.17691515087029286,0.29532905773822526,0.1950368380089522
SCS,0.1825272415130268,0.2964348868571835,0.19605318167113706
SCS,0.1883173585216616,0.2975757950132744,0.19712927147212989
SCS,0.19429114923672938,0.29875289498131746,0.1982682983548879
SCS,0.20045444014332275,0.2999673348354957,0.19947358949989835
SCS,0.2068132425539064,0.3012202990691205,0.2007486108237477
SCS,0.21337375847139947,0.3025130097499164,0.20209696923007997
SCS,0.22014238663824442,0.3032055437168358,0.20283615307062253
SCS,0.22712572877736611,0.30374615626927,0.20343132404716827
SCS,0.23433059603110462,0.30430391758251996,0.20406294627631205
SCS,0.24176401560440375,0.30487937215865246,0.20473313560776715
SCS,0.2494332376187354,0.305473081261187,0.20544411659206568
SCS,0.2573457421834418,0.3060856239578075,0.20619822682955286
SCS,0.2655092466913963,0.30671759768510914,0.20699792101096923
SCS,0.2739317133460955,0.3073696188312547,0.20784577491955844
SCS,0.282621356927525,0.30804232333711146,0.20874448937293114
SCS,0.29158665280437496,0.30873636731644727,0.20969689408164188
SCS,0.30083634520041663,0.3094524276958004,0.2107059514003801
SCS,0.3103794557231064,0.31019120287463764,0.21177475994684275
SCS,0.32022529216273127,0.3109534134064552,0.21290655806284575
SCS,0.330383457570683,0.31173980270147933,0.214104727092058
SCS,0.3408638596257105,0.3125511377516602,0.2153727944489988
SCS,0.35167672029728797,0.31338820987866983,0.21671443645465377
SCS,0.36283258581552597,0.3142518355056341,0.2181334809152971
SCS,0.3743423369573438,0.31514285695336663,0.21963390942291425
SCS,0.38621719965894297,0.3160621432618837,0.22121985935800675
SCS,0.39846875596492587,0.3170105910380193,0.22289562557859097
SCS,0.4111089553247426,0.3179891253299851,0.22466566178285255
SCS,0.4241501262474842,0.3187371418998826,0.22604824808490634
SCS,0.43760498832638595,0.31925698756864923,0.22703697716008284
SCS,0.45148666464477405,0.31979332017789436,0.228084717908947
SCS,0.4658086945755498,0.32034666609599366,0.22919472295597185
SCS,0.48058504698670146,0.32091756523760073,0.23037039156069083
SCS,0.4958301338657179,0.32150038728800145,0.23160238018209578
SCS,0.5115588243761954,0.32173391211852004,0.23210783467597543
SCS,0.5277864593603492,0.32197361588649465,0.23264345143823184
SCS,0.5445288663015695,0.32222054281610535,0.23321186646322345
SCS,0.5618023747616222,0.3224751868946284,0.23381528840614582
SCS,0.5796238323075447,0.3227378768459541,0.234455867933756
SCS,0.598010620943774,0.3230089103947496,0.23513583003627056
SCS,0.6169806740655365,0.3232885548736579,0.23585747882654975
SCS,0.6365524939500268,0.3235770857794002,0.23662323861466833
SCS,0.6567451698024469,0.32387478691810834,0.23743565848594633
SCS,0.6775783963744958,0.3241819505653302,0.23829741689012837
SCS,0.699072493173474,0.32449887765450813,0.23921132623288033
SCS,0.721248424280742,0.3248258780041858,0.24018033745559594
SCS,0.7441278187988525,0.32516327059286576,0.24120754458657495
SCS,0.7677329919473117,0.32551138388780737,0.24229618924265314
SCS,0.7920869668275324,0.3258705562301567,0.24344966505546192
SCS,0.8172134968782193,0.32624113627391127,0.24467152199096823
SCS,0.8431370890430792,0.32662348347097625,0.2459654705254253
SCS,0.8698830276734549,0.32701796858949833,0.247335385635947
SCS,0.8974773991892017,0.3274249742489278,0.24878531056066372
SCS,0.9259471175218478,0.32784489545339246,0.2503194602824363
SCS,0.9553199503648675,0.328278140105837,0.25194222469218086
SCS,0.9856245462566599,0.3287251294891491,0.25365817139323127
SCS,1.0168904625226516,0.3291862987067202,0.2554720481164748
SCS,1.049148194103779,0.3296620970829843,0.2573887847266927
SCS,1.0824292032994687,0.330152988532646,0.2594134948121297
SCS,1.1167659504541123,0.33065945191432855,0.2615514768605449
SCS,1.1521919256169868,0.33118198138846877,0.2638082150343697
SCS,1.1887416812064866,0.3317210867995514,0.2661893795641751
SCS,1.2264508657105195,0.33227729409923457,0.2687008267832889
SCS,1.2653562584559563,0.3328511458200611,0.27134859882756507
SCS,1.305495805481025,0.3334432016012442,0.27413892302442616
SCS,1.3469086565456578,0.3340540387602428,0.2770782109959344
SCS,1.3896352033158614,0.33468425289840903,0.28017305750334226
SCS,1.4337171187593845,0.33533445852723875,0.283430239066308
SCS,1.4791973977910886,0.336005289703466,0.28685671239862237
SCS,1.5261203992076604,0.33669740066607734,0.29045961271314663
SCS,1.5745318889525834,0.33741146647406106,0.29424625195996856
SCS,1.6244790847535535,0.33795637335733475,0.29718118576267916
SCS,1.6760107021758872,0.3379570404012195,0.29718262527087425
SCS,1.7291770021368176,0.33795724067692,0.2971830755488045
SCS,1.7840298399270484,0.33795723098550934,0.29718307493290413
SCS,1.840622715787371,0.33795713840852126,0.2971828917643692
SCS,1.8990108270896482,0.3379570018304962,0.29718260622490117
SCS,1.9592511221731002,0.33795688577667615,0.29718236139348
SCS,2.0214023558883802,0.3379567871611239,0.2971821514650863
SCS,2.085525146903598,0.3379567033580428,0.2971819714533509
SCS,2.1516820368282206,0.3379566321364488,0.29718181708254104
SCS,2.219937551212487,0.337956571601553,0.2971816846881036
SCS,2.2903582624818535,0.33795652014456884,0.2971815711304697
SCS,2.363012854867819,0.3379564763998088,0.2971814737205866
SCS,2.4379721913985044,0.33795643920805346,0.2971813901556347
SCS,2.515309383014299,0.3379564075853637,0.2971813184637238
SCS,2.5950998598759716,0.3379563806965352,0.29718125695633696
SCS,2.677421444934833,0.3379563578325369,0.29718120418751104
SCS,2.7623544298366736,0.33795633839134415,0.29718115891883085
SCS,2.849981653233537,0.33795632186166735,0.2971811200894335
SCS,2.940388581579667,0.3379563078091972,0.29718108679036154
SCS,3.0336633924904794,0.3379562958648717,0.2971810582425785
SCS,3.129897060745848,0.33795628571497405,0.2971810337781957
SCS,3.2291834470215512,0.33795627709277093,0.29718101282443005
SCS,3.3316193894354806,0.3379562697713581,0.29718099488987
SCS,3.437304797997856,0.33795626355766284,0.29718097955276224
SCS,3.546342752057603,0.33795625828731307,0.29718096645098185
SCS,3.658839600839884,0.3379562538203296,0.2971809552734927
SCS,3.7749050671729045,0.3379562500374555,0.2971809457530126
SCS,3.8946523545051352,0.3379562468370495,0.2971809376597701
SCS,4.018198257317296,0.3379562441324443,0.29718093079616265
SCS,4.14566327503685,0.3379562418497204,0.2971809249921779
SCS,4.277171729566093,0.3379562399257985,0.29718092010149455
SCS,4.412851886538418,0.3379562383068167,0.2971809159981119
SCS,4.552836080421112,0.33795623694681537,0.29718091257352447
SCS,4.697260843586617,0.33795623580652157,0.2971809097342279
SCS,4.84626703947823,0.33795623485236215,0.2971809073996456
SCS,5.0,0.3379562340556841,0.2971809055003251
ECOS,0.01,0.1919433609871547,0.14801280881394974
ECOS,0.010317219334529941,0.19227191606397662,0.14803535689614053
ECOS,0.010644501479679849,0.19261089399288026,0.14805935448268961
ECOS,0.01098216564725855,0.19296062543324133,0.1480848944988172
ECOS,0.01133054117509065,0.1933214515491533,0.14811207579408397
ECOS,0.011689967848233283,0.19369372435472407,0.1481410035165754
ECOS,0.01206079623038258,0.19407780707819414,0.1481717895108792
ECOS,0.012443388005792904,0.19447407506718278,0.14820455279929648
ECOS,0.012838116332042453,0.1948829151761519,0.1482394199155465
ECOS,0.013245366203989306,0.19530472703664617,0.14827652548256154
ECOS,0.013665534829272791,0.1957399224805384,0.14831601262141256
ECOS,0.014099032015726563,0.19618892991026346,0.14835803387452626
ECOS,0.014546280571081073,0.1966521929883485,0.14840275162319072
ECOS,0.015007716715345489,0.19712997711112,0.14845031880701762
ECOS,0.015483790506271073,0.1976230722832562,0.14850095094111723
ECOS,0.015974966278311103,0.19813181205219435,0.1485548277113206
ECOS,0.016481723095505524,0.19865669974935907,0.14861215653535376
ECOS,0.017004555218731825,0.19919818129637543,0.14867314957232017
ECOS,0.017543972587778206,0.19975709198925595,0.14873807594504826
ECOS,0.01810050131870886,0.20030835491917307,0.14880409354448199
ECOS,0.018674684217006774,0.20085372272254184,0.14887146867470527
ECOS,0.019267081306994352,0.20141636750228906,0.14894315010364678
ECOS,0.019878270378048252,0.20199686816011606,0.14901941431949653
ECOS,0.02050884754814132,0.20259578336705766,0.1491005509764048
ECOS,0.02115942784526107,0.20321369804831452,0.1491868685467788
ECOS,0.021830645807271874,0.2038512147943598,0.14927869456629342
ECOS,0.022523156100806047,0.20450895506412248,0.1493763768227787
ECOS,0.023237634159787215,0.20518755982294773,0.1494802845511838
ECOS,0.02397477684420902,0.2058876900851646,0.14959080967744762
ECOS,0.0247353031198114,0.2066100275632216,0.1497083681425091
ECOS,0.025519954759317696,0.2073552757744781,0.14983340137720347
ECOS,0.026329497065916203,0.20812416253710136,0.14996637814235386
ECOS,0.027164719619692,0.20891742932146148,0.15010779366558347
ECOS,0.028026437047737128,0.2097824015143019,0.15026681234961756
ECOS,0.028915489818689973,0.21076823930484564,0.15045348095038555
ECOS,0.029832745062479196,0.21178540129040366,0.15065193710028962
ECOS,0.0307790974160713,0.21283479435057379,0.15086289058588465
ECOS,0.031755469896047134,0.21391746408787815,0.15108711456064622
ECOS,0.03276281479885812,0.21503437063210637,0.15132540206838882
ECOS,0.033802114629640265,0.21604857076284864,0.15154811165270266
ECOS,0.03487438306049219,0.21700002567396373,0.15176354234169387
ECOS,0.03598066591915137,0.21798163698357778,0.15199251613441733
ECOS,0.03712204220903312,0.21899438736513327,0.1522358690000752
ECOS,0.0382996251616273,0.22003927030429382,0.15249448081960965
ECOS,0.03951456332227906,0.2211173025507562,0.15276928015706184
ECOS,0.040768041670412536,0.22222953046957677,0.15306124791111278
ECOS,0.042061282775290254,0.22337703275119053,0.15337142029487877
ECOS,0.043395547988435576,0.2245609259805169,0.15370089274526877
ECOS,0.04477213867388096,0.22578237735130308,0.15405082620671523
ECOS,0.04619239747744206,0.22704260867253587,0.15442245147926878
ECOS,0.04765770963625571,0.22834294369666314,0.15481708714825734
ECOS,0.04916950432985915,0.22968424923304406,0.15523596806493126
ECOS,0.05072925607412767,0.23065742530598626,0.15554865904182225
ECOS,0.05233848615943104,0.23161540740026515,0.1558657092160769
ECOS,0.053998764134410966,0.23260151989904332,0.15620172805309548
ECOS,0.055711709336826704,0.23361891544822155,0.15655861136156854
ECOS,0.057478992472962065,0.23466858463085374,0.1569376041012743
ECOS,0.05930233724713452,0.23575155143534168,0.15734001999359007
ECOS,0.061183522042895164,0.23686887276875407,0.15776724414316623
ECOS,0.06312438165755971,0.23802163915616495,0.15822073604205686
ECOS,0.06512680909176222,0.23921097561393007,0.15870203261549604
ECOS,0.06719275739577694,0.2404380422627621,0.15921275115738964
ECOS,0.069324241574409,0.24170402180443537,0.15975458614389837
ECOS,0.07152334055231169,0.24301016862672242,0.16032933438795285
ECOS,0.07379219920164795,0.24435774760094497,0.16093886943263577
ECOS,0.07613303043407274,0.24574807530096932,0.1615851632222994
ECOS,0.07854811735907721,0.24718250940421932,0.16227028377626762
ECOS,0.08103981551079979,0.24866242237811162,0.16299638426889435
ECOS,0.08361055514547634,0.25018885688788683,0.16376552973195985
ECOS,0.08626284361176907,0.25176325543603434,0.16458006329423042
ECOS,0.08899926779628765,0.25335958290994803,0.16542780892769127
ECOS,0.09182249664668668,0.2550006219064265,0.16632226411054354
ECOS,0.0947352837748007,0.2566937174118826,0.16726911155981403
ECOS,0.09774047014235544,0.2584405214569294,0.16827112970496763
ECOS,0.10084098683187565,0.260242737361125,0.169331213175881
ECOS,0.10403985790549065,0.26210212273181144,0.17045237522770965
ECOS,0.1073402033544276,0.2640205126825734,0.17163776339593173
ECOS,0.11074524214206764,0.26599973263406834,0.1728906041919543
ECOS,0.11425829534353403,0.268041745414913,0.17421429704088076
ECOS,0.11788278938487422,0.27014854403304867,0.17561234600818892
ECOS,0.12162225938499452,0.2723221917530984,0.1770883850158923
ECOS,0.12548035260360815,0.27456478724533345,0.1786461530686855
ECOS,0.12946083199855804,0.27687843643519283,0.18028947061935816
ECOS,0.13356757989598556,0.2792487459509585,0.1820102528001684
ECOS,0.13780460177692355,0.2812887276040848,0.18352426965088856
ECOS,0.14217603018400746,0.28331657582718833,0.18506429295680604
ECOS,0.1466861287521155,0.2850842414570705,0.18643874100483382
ECOS,0.15133929636686744,0.28690797681078906,0.187890722853948
ECOS,0.15614007145504014,0.288789564713944,0.18942405642244434
ECOS,0.16109313641108275,0.2907308401268911,0.19104269205207958
ECOS,0.1662033221640492,0.2927337914926904,0.19275079703404385
ECOS,0.1714756128894038,0.29425722690739453,0.1940771814499765
ECOS,0.17691515087029286,0.2953290590626275,0.1950368391465765
ECOS,0.1825272415130268,0.2964348885633709,0.19605318309693961
ECOS,0.1883173585216616,0.29757579712714505,0.19712927357981244
ECOS,0.19429114923672938,0.2987528982617322,0.19826830148883184
ECOS,0.20045444014332275,0.2999673405445153,0.1994735950479778
ECOS,0.2068132425539064,0.30122039414643986,0.2007487089669538
ECOS,0.21337375847139947,0.3025132947643823,0.20209726996336125
ECOS,0.22014238663824442,0.30320553702817205,0.2028361489804406
ECOS,0.22712572877736611,0.3037461498014625,0.2034313205829923
ECOS,0.23433059603110462,0.30430391099350834,0.20406294302968686
ECOS,0.24176401560440375,0.30487936604635746,0.20473313274685062
ECOS,0.2494332376187354,0.3054730819268098,0.20544412243955368
ECOS,0.2573457421834418,0.306085624569776,0.20619823277958274
ECOS,0.2655092466913963,0.3067175981062063,0.2069979270841819
ECOS,0.2739317133460955,0.3073696353370387,0.20784580319171206
ECOS,0.282621356927525,0.3080423420769488,0.2087445214838068
ECOS,0.29158665280437496,0.30873638822207916,0.20969693026029987
ECOS,0.30083634520041663,0.3094524506881343,0.2107059917786112
ECOS,0.3103794557231064,0.3101912299598657,0.21177480766138032
ECOS,0.32022529216273127,0.31095344511545064,0.2129066142499431
ECOS,0.330383457570683,0.31173984077704414,0.2141047948130841
ECOS,0.3408638596257105,0.31255118688701566,0.21537288165812282
ECOS,0.35167672029728797,0.313388281477244,0.2167145625497154
ECOS,0.36283258581552597,0.31425196645529574,0.2181337090771608
ECOS,0.3743423369573438,0.3151429840618474,0.21963413679771315
ECOS,0.38621719965894297,0.3160622029947125,0.2212199746853289
ECOS,0.39846875596492587,0.3170106467157328,0.22289573638284882
ECOS,0.4111089553247426,0.3179892002168418,0.2246658102129763
ECOS,0.4241501262474842,0.31873717570422844,0.2260483004878575
ECOS,0.43760498832638595,0.3192568996314092,0.2270367987220602
ECOS,0.45148666464477405,0.3197933517599406,0.22808476956059215
ECOS,0.4658086945755498,0.32034686039970905,0.2291951045188987
ECOS,0.48058504698670146,0.32091759187878405,0.2303704312440488
ECOS,0.4958301338657179,0.3215006392261819,0.23160255416427045
ECOS,0.5115588243761954,0.32173263449494216,0.232106550060448
ECOS,0.5277864593603492,0.3219720343258385,0.2326419319080694
ECOS,0.5445288663015695,0.322218995922198,0.23321039656548329
ECOS,0.5618023747616222,0.3224737764250073,0.23381394414589582
ECOS,0.5796238323075447,0.32273664101377725,0.23445468879003128
ECOS,0.598010620943774,0.32300784619238865,0.23513481551458448
ECOS,0.6169806740655365,0.3232876550147796,0.23585662308744998
ECOS,0.6365524939500268,0.3235763397860687,0.23662253197778826
ECOS,0.6567451698024469,0.32387418205117247,0.23743508880922765
ECOS,0.6775783963744958,0.32418146951972965,0.23829696220873112
ECOS,0.699072493173474,0.3244985057737447,0.23921097494014026
ECOS,0.721248424280742,0.32482559902666563,0.2401800744915917
ECOS,0.7441278187988525,0.32516306778174137,0.24120735212347047
ECOS,0.7677329919473117,0.32551124250182617,0.24229605552915667
ECOS,0.7920869668275324,0.3258704620376385,0.24344957688485455
ECOS,0.8172134968782193,0.3262410757389167,0.2446714636533686
ECOS,0.8431370890430792,0.32662344687916134,0.2459654351646008
ECOS,0.8698830276734549,0.3270179475845409,0.24733536537030737
ECOS,0.8974773991892017,0.3274249626267998,0.24878529953073564
ECOS,0.9259471175218478,0.32784488898124586,0.25031945448305615
ECOS,0.9553199503648675,0.3282781362143144,0.25194222168134617
ECOS,0.9856245462566599,0.3287251268489033,0.2536581697744693
ECOS,1.0168904625226516,0.32918630700226037,0.25547208801609195
ECOS,1.049148194103779,0.32966205797687304,0.25738862964286935
ECOS,1.0824292032994687,0.33015302151138354,0.25941363377018106
ECOS,1.1167659504541123,0.3306592289352366,0.2615505227726792
ECOS,1.1521919256169868,0.3311819854031617,0.26380822630350464
ECOS,1.1887416812064866,0.3317211852534001,0.2661898099409012
ECOS,1.2264508657105195,0.3322777008221289,0.2687026722342519
ECOS,1.2653562584559563,0.3328512814791937,0.27134922043295
ECOS,1.305495805481025,0.33344323481758115,0.27413907116336855
ECOS,1.3469086565456578,0.3340540451072586,0.2770782342932207
ECOS,1.3896352033158614,0.3346842604513127,0.2801730896723054
ECOS,1.4337171187593845,0.3353338843673522,0.28342733184398716
ECOS,1.4791973977910886,0.3360052652078295,0.28685658446228723
ECOS,1.5261203992076604,0.33669749157602885,0.290460089284427
ECOS,1.5745318889525834,0.3374116257906005,0.2942471028668647
ECOS,1.6244790847535535,0.33795623217544324,0.2971808837971974
ECOS,1.6760107021758872,0.33795623266664393,0.297180886358568
ECOS,1.7291770021368176,0.33795623245358364,0.2971808855481173
ECOS,1.7840298399270484,0.3379562325608737,0.2971808860160848
ECOS,1.840622715787371,0.3379562326107599,0.2971808862218243
ECOS,1.8990108270896482,0.33795623264021224,0.2971808863377289
ECOS,1.9592511221731002,0.33795623266056396,0.2971808864136969
ECOS,2.0214023558883802,0.33795623267587266,0.2971808864684631
ECOS,2.085525146903598,0.33795623268798775,0.297180886510247
ECOS,2.1516820368282206,0.3379562326970626,0.29718088654215197
ECOS,2.219937551212487,0.33795623270572256,0.2971808865689145
ECOS,2.2903582624818535,0.3379562325955596,0.2971808862243046
ECOS,2.363012854867819,0.33795623262559626,0.29718088631932155
ECOS,2.4379721913985044,0.33795623264899616,0.2971808863926228
ECOS,2.515309383014299,0.33795623266720215,0.297180886449353
ECOS,2.5950998598759716,0.3379562326815046,0.2971808864936367
ECOS,2.677421444934833,0.33795623269282665,0.29718088652858027
ECOS,2.7623544298366736,0.3379562327019241,0.2971808865566357
ECOS,2.849981653233537,0.33795623270975284,0.2971808865808371
ECOS,2.940388581579667,0.337956232634616,0.2971808863397167
ECOS,3.0336633924904794,0.33795623266250174,0.2971808864268387
ECOS,3.129897060745848,0.3379562326855576,0.29718088649962904
ECOS,3.2291834470215512,0.3379562327047931,0.2971808865608229
ECOS,3.3316193894354806,0.33795623264951197,0.2971808863751459
ECOS,3.437304797997856,0.33795623270157155,0.2971808865470558
ECOS,3.546342752057603,0.3379562327027469,0.2971808865501753
ECOS,3.658839600839884,0.33795623272125147,0.29718088661319547
ECOS,3.7749050671729045,0.33795623264559727,0.29718088634332185
ECOS,3.8946523545051352,0.337956232675417,0.2971808864487253
ECOS,4.018198257317296,0.33795623272962116,0.29718088663876346
ECOS,4.14566327503685,0.3379562327181727,0.2971808865869368
ECOS,4.277171729566093,0.3379562327303745,0.29718088664106956
ECOS,4.412851886538418,0.33795623273497183,0.2971808866580006
ECOS,4.552836080421112,0.3379562327373556,0.29718088666644565
ECOS,4.697260843586617,0.33795623273781683,0.29718088666789433
ECOS,4.84626703947823,0.3379562326955127,0.29718088644830837
ECOS,5.0,0.33795623272658976,0.2971808866029646
active_set,0.01,0.3379562327387634,0.29718088667281056
active_set,0.010317219334529941,0.3379562327387634,0.29718088667281056
active_set,0.010644501479679849,0.3379562327387634,0.29718088667281056
active_set,0.01098216564725855,0.3379562327387634,0.29718088667281056
active_set,0.01133054117509065,0.3379562327387634,0.29718088667281056
active_set,0.011689967848233283,0.3379562327387634,0.29718088667281056
active_set,0.01206079623038258,0.3379562327387634,0.29718088667281056
active_set,0.012443388005792904,0.3379562327387634,0.29718088667281056
active_set,0.012838116332042453,0.3379562327387634,0.29718088667281056
active_set,0.013245366203989306,0.3379562327387634,0.29718088667281056
active_set,0.013665534829272791,0.3379562327387634,0.29718088667281056
active_set,0.014099032015726563,0.3379562327387634,0.29718088667281056
active_set,0.014546280571081073,0.3379562327387634,0.29718088667281056
active_set,0.015007716715345489,0.3379562327387634,0.29718088667281056
active_set,0.015483790506271073,0.3379562327387634,0.29718088667281056
active_set,0.015974966278311103,0.3379562327387634,0.29718088667281056
active_set,0.016481723095505524,0.3379562327387634,0.29718088667281056
active_set,0.017004555218731825,0.3379562327387634,0.29718088667281056
active_set,0.017543972587778206,0.3379562327387634,0.29718088667281056
active_set,0.01810050131870886,0.3379562327387634,0.29718088667281056
active_set,0.018674684217006774,0.3379562327387634,0.29718088667281056
active_set,0.019267081306994352,0.3379562327387634,0.29718088667281056
active_set,0.019878270378048252,0.3379562327387634,0.29718088667281056
active_set,0.02050884754814132,0.3379562327387634,0.29718088667281056
active_set,0.02115942784526107,0.3379562327387634,0.29718088667281056
active_set,0.021830645807271874,0.3379562327387634,0.29718088667281056
active_set,0.022523156100806047,0.3379562327387634,0.29718088667281056
active_set,0.023237634159787215,0.3379562327387634,0.29718088667281056
active_set,0.02397477684420902,0.3379562327387634,0.29718088667281056
active_set,0.0247353031198114,0.3379562327387634,0.29718088667281056
active_set,0.025519954759317696,0.3379562327387634,0.29718088667281056
active_set,0.026329497065916203,0.3379562327387634,0.29718088667281056
active_set,0.027164719619692,0.3379562327387634,0.29718088667281056
active_set,0.028026437047737128,0.3379562327387634,0.29718088667281056
active_set,0.028915489818689973,0.3379562327387634,0.29718088667281056
active_set,0.029832745062479196,0.3379562327387634,0.29718088667281056
active_set,0.0307790974160713,0.3379562327387634,0.29718088667281056
active_set,0.031755469896047134,0.3379562327387634,0.29718088667281056
active_set,0.03276281479885812,0.3379562327387634,0.29718088667281056
active_set,0.033802114629640265,0.3379562327387634,0.29718088667281056
active_set,0.03487438306049219,0.3379562327387634,0.29718088667281056
active_set,0.03598066591915137,0.3379562327387634,0.29718088667281056
active_set,0.03712204220903312,0.3379562327387634,0.29718088667281056
active_set,0.0382996251616273,0.3379562327387634,0.29718088667281056
active_set,0.03951456332227906,0.3379562327387634,0.29718088667281056
active_set,0.040768041670412536,0.3379562327387634,0.29718088667281056
active_set,0.042061282775290254,0.3379562327387634,0.29718088667281056
active_set,0.043395547988435576,0.3379562327387634,0.29718088667281056
active_set,0.04477213867388096,0.3379562327387634,0.29718088667281056
active_set,0.04619239747744206,0.3379562327387634,0.29718088667281056
active_set,0.04765770963625571,0.3379562327387634,0.29718088667281056
active_set,0.04916950432985915,0.3379562327387634,0.29718088667281056
active_set,0.05072925607412767,0.3379562327387634,0.29718088667281056
active_set,0.05233848615943104,0.3379562327387634,0.29718088667281056
active_set,0.053998764134410966,0.3379562327387634,0.29718088667281056
active_set,0.055711709336826704,0.3379562327387634,0.29718088667281056
active_set,0.057478992472962065,0.3379562327387634,0.29718088667281056
active_set,0.05930233724713452,0.3379562327387634,0.29718088667281056
active_set,0.061183522042895164,0.3379562327387634,0.29718088667281056
active_set,0.06312438165755971,0.3379562327387634,0.29718088667281056
active_set,0.06512680909176222,0.3379562327387634,0.29718088667281056
active_set,0.06719275739577694,0.3379562327387634,0.29718088667281056
active_set,0.069324241574409,0.3379562327387634,0.29718088667281056
active_set,0.07152334055231169,0.3379562327387634,0.29718088667281056
active_set,0.07379219920164795,0.3379562327387634,0.29718088667281056
active_set,0.07613303043407274,0.3379562327387634,0.29718088667281056
active_set,0.07854811735907721,0.3379562327387634,0.29718088667281056
active_set,0.08103981551079979,0.3379562327387634,0.29718088667281056
active_set,0.08361055514547634,0.3379562327387634,0.29718088667281056
active_set,0.08626284361176907,0.3379562327387634,0.29718088667281056
active_set,0.08899926779628765,0.3379562327387634,0.29718088667281056
active_set,0.09182249664668668,0.3379562327387634,0.29718088667281056
active_set,0.0947352837748007,0.3379562327387634,0.29718088667281056
active_set,0.09774047014235544,0.3379562327387634,0.29718088667281056
active_set,0.10084098683187565,0.3379562327387634,0.29718088667281056
active_set,0.10403985790549065,0.3379562327387634,0.29718088667281056
active_set,0.1073402033544276,0.3379562327387634,0.29718088667281056
active_set,0.11074524214206764,0.3379562327387634,0.29718088667281056
active_set,0.11425829534353403,0.3379562327387634,0.29718088667281056
active_set,0.11788278938487422,0.3379562327387634,0.29718088667281056
active_set,0.12162225938499452,0.3379562327387634,0.29718088667281056
active_set,0.12548035260360815,0.3379562327387634,0.29718088667281056
active_set,0.12946083199855804,0.3379562327387634,0.29718088667281056
active_set,0.13356757989598556,0.3379562327387634,0.29718088667281056
active_set,0.13780460177692355,0.3379562327387634,0.29718088667281056
active_set,0.14217603018400746,0.3379562327387634,0.29718088667281056
active_set,0.1466861287521155,0.3379562327387634,0.29718088667281056
active_set,0.15133929636686744,0.3379562327387634,0.29718088667281056
active_set,0.15614007145504014,0.3379562327387634,0.29718088667281056
active_set,0.16109313641108275,0.3379562327387634,0.29718088667281056
active_set,0.1662033221640492,0.3379562327387634,0.29718088667281056
active_set,0.1714756128894038,0.3379562327387634,0.29718088667281056
active_set,0.17691515087029286,0.3379562327387634,0.29718088667281056
active_set,0.1825272415130268,0.3379562327387634,0.29718088667281056
active_set,0.1883173585216616,0.3379562327387634,0.29718088667281056
active_set,0.19429114923672938,0.3379562327387634,0.29718088667281056
active_set,0.20045444014332275,0.3379562327387634,0.29718088667281056
active_set,0.2068132425539064,0.3379562327387634,0.29718088667281056
active_set,0.21337375847139947,0.3379562327387634,0.29718088667281056
active_set,0.22014238663824442,0.3379562327387634,0.29718088667281056
active_set,0.22712572877736611,0.3379562327387634,0.29718088667281056
active_set,0.23433059603110462,0.3379562327387634,0.29718088667281056
active_set,0.24176401560440375,0.3379562327387634,0.29718088667281056
active_set,0.2494332376187354,0.3379562327387634,0.29718088667281056
active_set,0.2573457421834418,0.3379562327387634,0.29718088667281056
active_set,0.2655092466913963,0.3379562327387634,0.29718088667281056
active_set,0.2739317133460955,0.3379562327387634,0.29718088667281056
active_set,0.282621356927525,0.3379562327387634,0.29718088667281056
active_set,0.29158665280437496,0.3379562327387634,0.29718088667281056
active_set,0.30083634520041663,0.3379562327387634,0.29718088667281056
active_set,0.3103794557231064,0.3379562327387634,0.29718088667281056
active_set,0.32022529216273127,0.3379562327387634,0.29718088667281056
active_set,0.330383457570683,0.3379562327387634,0.29718088667281056
active_set,0.3408638596257105,0.3379562327387634,0.29718088667281056
active_set,0.35167672029728797,0.3379562327387634,0.29718088667281056
active_set,0.36283258581552597,0.3379562327387634,0.29718088667281056
active_set,0.3743423369573438,0.3379562327387634,0.29718088667281056
active_set,0.38621719965894297,0.3379562327387634,0.29718088667281056
active_set,0.39846875596492587,0.3379562327387634,0.29718088667281056
active_set,0.4111089553247426,0.3379562327387634,0.29718088667281056
active_set,0.4241501262474842,0.3379562327387634,0.29718088667281056
active_set,0.43760498832638595,0.3379562327387634,0.29718088667281056
active_set,0.45148666464477405,0.3379562327387634,0.29718088667281056
active_set,0.4658086945755498,0.3379562327387634,0.29718088667281056
active_set,0.48058504698670146,0.3379562327387634,0.29718088667281056
active_set,0.4958301338657179,0.3379562327387634,0.29718088667281056
active_set,0.5115588243761954,0.3379562327387634,0.29718088667281056
active_set,0.5277864593603492,0.3379562327387634,0.29718088667281056
active_set,0.5445288663015695,0.3379562327387634,0.29718088667281056
active_set,0.5618023747616222,0.3379562327387634,0.29718088667281056
active_set,0.5796238323075447,0.3379562327387634,0.29718088667281056
active_set,0.598010620943774,0.3379562327387634,0.29718088667281056
active_set,0.6169806740655365,0.3379562327387634,0.29718088667281056
active_set,0.6365524939500268,0.3373588161701759,0.29396469917270596
active_set,0.6567451698024469,0.33664636904870915,0.2901916635430652
active_set,0.6775783963744958,0.33595582724828205,0.2866018297740784
active_set,0.699072493173474,0.3352865172549238,0.2831878987013716
active_set,0.721248424280742,0.3346377862629226,0.2799427479636105
active_set,0.7441278187988525,0.334009001538118,0.2768594337653046
active_set,0.7677329919473117,0.33339954980076836,0.2739311925853307
active_set,0.7920869668275324,0.3328088366273943,0.27115144276527625
active_set,0.8172134968782193,0.3322362858710127,0.2685137859178419
active_set,0.8431370890430792,0.33168133909919656,0.2660120081024214
active_set,0.8698830276734549,0.3311434550494131,0.2636400807223815
active_set,0.8974773991892017,0.3306221091011078,0.26139216110628943
active_set,0.9259471175218478,0.33011679276402023,0.25926259274319524
active_set,0.9553199503648675,0.32962701318223275,0.2572459051498721
active_set,0.9856245462566599,0.3291522926534675,0.255336813355501
active_set,1.0168904625226516,0.3286921681631639,0.25353021699648526
active_set,1.049148194103779,0.32824619093288077,0.25182119902079764
active_set,1.0824292032994687,0.3278139259825851,0.2502050240073871
active_set,1.1167659504541123,0.32739495170639704,0.24867713611162878
active_set,1.1521919256169868,0.32698885946138123,0.24723315665256257
active_set,1.1887416812064866,0.32659525316897964,0.24586888136168134
active_set,1.2264508657105195,0.32621374892870025,0.24458027731633278
active_set,1.2653562584559563,0.32584397464368275,0.24336347958336732
active_set,1.305495805481025,0.3254855696577774,0.24221478760056708
active_set,1.3469086565456578,0.3251381844037819,0.24113066132464644
active_set,1.3896352033158614,0.324801480062494,0.2401077171752881
active_set,1.4337171187593845,0.3244751282322475,0.23914272380483137
active_set,1.4791973977910886,0.3241588106086081,0.23823259772291747
active_set,1.5261203992076604,0.32385221867391806,0.23737439880469358
active_set,1.5745318889525834,0.3235550533963865,0.23656532571014136
active_set,1.6244790847535535,0.32326702493843074,0.2358027112407923
active_set,1.6760107021758872,0.32298785237398625,0.2350840176585801
active_set,1.7291770021368176,0.32271726341450746,0.23440683198990883
active_set,1.7840298399270484,0.3224549941433936,0.2337688613362436
active_set,1.840622715787371,0.32220078875858027,0.23316792821068927
active_set,1.8990108270896482,0.3219543993230445,0.23260196591816082
active_set,1.9592511221731002,0.321715585522982,0.23206901399489419
active_set,2.0214023558883802,0.3214631580881012,0.23152239982900366
active_set,2.085525146903598,0.32087548265159815,0.23028266819819934
active_set,2.1516820368282206,0.3203058762320311,0.22911188844025454
active_set,2.219937551212487,0.31975378326870646,0.22800652012317252
active_set,2.2903582624818535,0.3192186652825288,0.22696317515304376
active_set,2.363012854867819,0.3187000003507999,0.2259786140395391
active_set,2.4379721913985044,0.31791696632393307,0.224533742461836
active_set,2.515309383014299,0.31694065013920597,0.22277071074582872
active_set,2.5950998598759716,0.3159943523499755,0.2211016200099801
active_set,2.677421444934833,0.31507714999287995,0.21952202813298244
active_set,2.7623544298366736,0.31418814848253507,0.21802765174612287
active_set,2.849981653233537,0.3133264807390088,0.21661436484666713
active_set,2.940388581579667,0.3124913063421223,0.21527819708563767
active_set,3.0336633924904794,0.3116818107117528,0.21401533174281803
active_set,3.129897060745848,0.31089720431334067,0.21282210340542396
active_set,3.2291834470215512,0.31013672188782293,0.2116949953698545
active_set,3.3316193894354806,0.3093996217052451,0.21063063678828917
active_set,3.437304797997856,0.30868518484132107,0.20962579958365216
active_set,3.546342752057603,0.30799271447623633,0.20867739515766068
active_set,3.658839600839884,0.3073215352150114,0.20778247091735447
active_set,3.7749050671729045,0.30667099242875995,0.20693820664572074
active_set,3.8946523545051352,0.3060404516162041,0.20614191074183788
active_set,4.018198257317296,0.30542929778481676,0.20539101635541376
active_set,4.14566327503685,0.3048369348509964,0.2046830774397568
active_set,4.277171729566093,0.30426278505867976,0.2040157647461282
active_set,4.412851886538418,0.30370628841583436,0.20338686178115362
active_set,4.552836080421112,0.3031669021482739,0.20279426074754814
active_set,4.697260843586617,0.30241769484232744,0.2019964245898124
active_set,4.84626703947823,0.30112791476237066,0.2006535206471895
active_set,5.0,0.2998777910244367,0.19938368685660812
