gamma,brute_return,brute_volatility,brute_objective,brute_cardinality,active_return,active_volatility,active_objective,active_cardinality,active_iterations,active_converged,active_reason,cvxpy_return,cvxpy_volatility,cvxpy_objective,cvxpy_cardinality,cvxpy_status,cvxpy_solver,l2_brute_active,l2_brute_cvxpy,max_abs_brute_active,max_abs_brute_cvxpy
0.01,0.3379562361986545,0.29718083679661167,0.337073071701056,1,0.3379562361986545,0.29718083679661167,0.33707307170106315,1,20,True,kkt,0.33795623547506226,0.29718083479846213,0.33707307098934713,1,optimal,CLARABEL,0.0,1.0648207959883384e-08,0.0,9.845540493991223e-09
0.010317219334529941,0.3379562361986545,0.29718083679661167,0.3370450560156445,1,0.3379562361986545,0.29718083679661167,0.3370450560156425,1,1,True,kkt,0.33795623547075165,0.2971808347874952,0.3370450553000599,1,optimal,CLARABEL,0.0,1.070431770783978e-08,0.0,9.89817883212396e-09
0.010644501479679849,0.3379562361986545,0.29718083679661167,0.33701615161851434,1,0.3379562361986545,0.29718083679661167,0.33701615161851334,1,1,True,kkt,0.3379562354662909,0.2971808347761352,0.3370161508989326,1,optimal,CLARABEL,0.0,1.076244723217027e-08,0.0,9.952698776238833e-09
0.01098216564725855,0.3379562361986545,0.29718083679661167,0.3369863303180242,1,0.3379562361986545,0.29718083679661167,0.3369863303180219,1,1,True,kkt,0.33795623546167425,0.29718083476436646,0.33698632959430685,1,optimal,CLARABEL,0.0,1.0822678068937557e-08,0.0,1.0009175488434607e-08
0.01133054117509065,0.3379562361986545,0.29718083679661167,0.3369555630282188,1,0.3379562361986545,0.29718083679661167,0.33695556302822083,1,1,True,kkt,0.33795623545689574,0.29718083475217255,0.3369555623002302,1,optimal,CLARABEL,0.0,1.0885094668077543e-08,0.0,1.006768679534531e-08
0.011689967848233283,0.3379562361986545,0.29718083679661167,0.3369238197404906,1,0.3379562361986545,0.29718083679661167,0.3369238197405001,1,1,True,kkt,0.33795623545194914,0.2971808347395362,0.33692381900808743,1,optimal,CLARABEL,0.0,1.0949786091746531e-08,0.0,1.012831474245246e-08
0.01206079623038258,0.3379562361986545,0.29718083679661167,0.33689106949430964,1,0.3379562361986545,0.29718083679661167,0.33689106949431874,1,1,True,kkt,0.3379562354468278,0.29718083472643947,0.33689106875733205,1,optimal,CLARABEL,0.0,1.1016846060324187e-08,0.0,1.0191145594085071e-08
0.012443388005792904,0.3379562361986545,0.29718083679661167,0.3368572803470109,1,0.3379562361986545,0.29718083679661167,0.33685728034700746,1,1,True,kkt,0.33795623544152503,0.2971808347128636,0.33685727960528916,1,optimal,CLARABEL,0.0,1.1086371107294128e-08,0.0,1.0256268168085114e-08
0.012838116332042453,0.3379562361986545,0.29718083679661167,0.33682241934261103,1,0.3379562361986545,0.29718083679661167,0.33682241934261375,1,1,True,kkt,0.3379562354360337,0.2971808346987886,0.3368224185960004,1,optimal,CLARABEL,0.0,1.1158464602618042e-08,0.0,1.0323777499543496e-08
0.013245366203989306,0.3379562361986545,0.29718083679661167,0.3367864524797585,1,0.3379562361986545,0.29718083679661167,0.3367864524797585,1,1,True,kkt,0.33795623543034625,0.29718083468419393,0.33678645172808036,1,optimal,CLARABEL,0.0,1.1233233669289833e-08,0.0,1.0393772065242501e-08
0.013665534829272791,0.3379562361986545,0.29718083679661167,0.33674934467847617,1,0.3379562361986545,0.29718083679661167,0.33674934467847334,1,1,True,kkt,0.3379562354244548,0.2971808346690575,0.3367493439215542,1,optimal,CLARABEL,0.0,1.1310791924111786e-08,0.0,1.0466356226146445e-08
0.014099032015726563,0.3379562361986545,0.29718083679661167,0.336711059745986,1,0.3379562361986545,0.29718083679661167,0.33671105974598514,1,1,True,kkt,0.337956235418351,0.29718083465335643,0.336711058983642,1,optimal,CLARABEL,0.0,1.1391258229130296e-08,0.0,1.0541639117178647e-08
0.014546280571081073,0.3379562361986545,0.29718083679661167,0.33667156034141427,1,0.3379562361986545,0.29718083679661167,0.3366715603414164,1,1,True,kkt,0.3379562354120265,0.29718083463706674,0.33667155957345923,1,optimal,CLARABEL,0.0,1.1474756879518398e-08,0.0,1.0619734758243737e-08
0.015007716715345489,0.3379562361986545,0.29718083679661167,0.33663080793936984,1,0.3379562361986545,0.29718083679661167,0.3366308079393644,1,1,True,kkt,0.3379562354054722,0.29718083462016326,0.336630807165596,1,optimal,CLARABEL,0.0,1.1561419040591777e-08,0.0,1.0700763386495282e-08
0.015483790506271073,0.3379562361986545,0.29718083679661167,0.33658876279232536,1,0.3379562361986545,0.29718083679661167,0.33658876279232647,1,1,True,kkt,0.3379562353986785,0.29718083460261885,0.3365887620125417,1,optimal,CLARABEL,0.0,1.1651384292239881e-08,0.0,1.0784853010648021e-08
0.015974966278311103,0.3379562361986545,0.29718083679661167,0.33654538389193156,1,0.3379562361986545,0.29718083679661167,0.33654538389193217,1,1,True,kkt,0.3379562353916355,0.2971808345844059,0.33654538310591786,1,optimal,CLARABEL,0.0,1.1744796979657132e-08,0.0,1.0872135747241884e-08
0.016481723095505524,0.3379562361986545,0.29718083679661167,0.3365006289289491,1,0.3379562361986545,0.29718083679661167,0.33650062892894633,1,1,True,kkt,0.3379562353843326,0.29718083456549454,0.3365006281364807,1,optimal,CLARABEL,0.0,1.184181176591227e-08,0.0,1.0962753260734814e-08
0.017004555218731825,0.3379562361986545,0.29718083679661167,0.3364544542520044,1,0.3379562361986545,0.29718083679661167,0.33645445425200293,1,1,True,kkt,0.3379562353767589,0.2971808345458538,0.3364544534528554,1,optimal,CLARABEL,0.0,1.1942589385482601e-08,0.0,1.1056852544655271e-08
0.017543972587778206,0.3379562361986545,0.29718083679661167,0.3364068148250299,1,0.3379562361986545,0.29718083679661167,0.3364068148250304,1,1,True,kkt,0.3379562353534354,0.2971808345011952,0.3364068140037466,1,optimal,CLARABEL,0.0,1.2141476200676892e-08,0.0,1.1255781751096094e-08
0.01810050131870886,0.3379562361986545,0.29718083679661167,0.336357664183324,1,0.3379562361986545,0.29718083679661167,0.33635766418332563,1,1,True,kkt,0.3379562353293139,0.2971808344623035,0.33635766333909806,1,optimal,CLARABEL,0.0,1.2347849249565948e-08,0.0,1.146199091195399e-08
0.018674684217006774,0.3379562361986545,0.29718083679661167,0.336306954388234,1,0.3379562361986545,0.29718083679661167,0.33630695438823555,1,1,True,kkt,0.33795623531961433,0.2971808344386106,0.33630695353536805,1,optimal,CLARABEL,0.0,1.2468596475527586e-08,0.0,1.1575636227334485e-08
0.019267081306994352,0.3379562361986545,0.29718083679661167,0.3362546359804048,1,0.3379562361986545,0.29718083679661167,0.3362546359804002,1,1,True,kkt,0.33795623530954955,0.2971808344139862,0.3362546351185801,1,optimal,CLARABEL,0.0,1.2594123137099545e-08,0.0,1.1693731760686887e-08
0.019878270378048252,0.3379562361986545,0.29718083679661167,0.3362006579315128,1,0.3379562361986545,0.29718083679661167,0.3362006579315131,1,1,True,kkt,0.33795623529910335,0.29718083438838666,0.33620065706041485,1,optimal,CLARABEL,0.0,1.2724654169087533e-08,0.0,1.1816484346560685e-08
0.02050884754814132,0.3379562361986545,0.29718083679661167,0.33614496759455287,1,0.3379562361986545,0.29718083679661167,0.3361449675945513,1,1,True,kkt,0.33795623528825836,0.2971808343617658,0.33614496671383515,1,optimal,CLARABEL,0.0,1.2860428399708951e-08,0.0,1.1944113587070149e-08
0.02115942784526107,0.3379562361986545,0.29718083679661167,0.3360875106524277,1,0.3379562361986545,0.29718083679661167,0.3360875106524265,1,1,True,kkt,0.33795623527699703,0.29718083433407544,0.33608750976173873,1,optimal,CLARABEL,0.0,1.3001695113851556e-08,0.0,1.2076848299180654e-08
0.021830645807271874,0.3379562361986545,0.29718083679661167,0.3360282310650075,1,0.3379562361986545,0.29718083679661167,0.3360282310650071,1,1,True,kkt,0.33795623526529966,0.29718083430526315,0.33602823016397826,1,optimal,CLARABEL,0.0,1.3148725263748354e-08,0.0,1.2214937505916623e-08
0.022523156100806047,0.3379562361986545,0.29718083679661167,0.33596707101446177,1,0.3379562361986545,0.29718083679661167,0.33596707101446055,1,1,True,kkt,0.3379562352531463,0.2971808342752745,0.3359670701027052,1,optimal,CLARABEL,0.0,1.3301800518483711e-08,0.0,1.2358639556175888e-08
0.023237634159787215,0.3379562361986545,0.29718083679661167,0.33590397084886175,1,0.3379562361986545,0.29718083679661167,0.33590397084886053,1,1,True,kkt,0.33795623524051566,0.2971808342440513,0.3359039699259765,1,optimal,CLARABEL,0.0,1.3461222028060523e-08,0.0,1.2508230562424671e-08
0.02397477684420902,0.3379562361986545,0.29718083679661167,0.33583886902400484,1,0.3379562361986545,0.29718083679661167,0.33583886902400645,1,1,True,kkt,0.3379562352273847,0.29718083421153135,0.33583886808957325,1,optimal,CLARABEL,0.0,1.3627311460689752e-08,0.0,1.2664005510920617e-08
0.0247353031198114,0.3379562361986545,0.29718083679661167,0.335771702043397,1,0.3379562361986545,0.29718083679661167,0.33577170204339674,1,1,True,kkt,0.33795623521372925,0.2971808341776489,0.33577170109697474,1,optimal,CLARABEL,0.0,1.3800409398502692e-08,0.0,1.2826276374333645e-08
0.025519954759317696,0.3379562361986545,0.29718083679661167,0.3357024043962947,1,0.3379562361986545,0.29718083679661167,0.33570240439629784,1,1,True,kkt,0.3379562351995238,0.2971808341423337,0.3357024034374274,1,optimal,CLARABEL,0.0,1.3980879610277164e-08,0.0,1.2995376219571142e-08
0.026329497065916203,0.3379562361986545,0.29718083679661167,0.33563090849384986,1,0.3379562361986545,0.29718083679661167,0.33563090849384924,1,1,True,kkt,0.3379562351847407,0.2971808341055109,0.33563090752204916,1,optimal,CLARABEL,0.0,1.416911008739129e-08,0.0,1.3171660206978686e-08
0.027164719619692,0.3379562361986545,0.29718083679661167,0.3355571446031413,1,0.3379562361986545,0.29718083679661167,0.335557144603141,1,1,True,kkt,0.3379562351693511,0.29718083406710055,0.33555714361790734,1,optimal,CLARABEL,0.0,1.4365514315678353e-08,0.0,1.3355506478518464e-08
0.028026437047737128,0.3379562361986545,0.29718083679661167,0.33548104077920154,1,0.3379562361986545,0.29718083679661167,0.3354810407792005,1,1,True,kkt,0.3379562351533237,0.29718083402701745,0.3354810397800051,1,optimal,CLARABEL,0.0,1.4570534693273972e-08,0.0,1.3547319488438347e-08
0.028915489818689973,0.3379562361986545,0.29718083679661167,0.33540252279482263,1,0.3379562361986545,0.29718083679661167,0.3354025227948214,1,1,True,kkt,0.33795623513662515,0.2971808339851701,0.33540252178111024,1,optimal,CLARABEL,0.0,1.4784645362528401e-08,0.0,1.3747532556784847e-08
0.029832745062479196,0.3379562361986545,0.29718083679661167,0.33532151406816624,1,0.3379562361986545,0.29718083679661167,0.335321514068167,1,1,True,kkt,0.3379562351192201,0.29718083394146083,0.33532151303935853,1,optimal,CLARABEL,0.0,1.50083524770132e-08,0.0,1.3956607869403115e-08
0.0307790974160713,0.3379562361986545,0.29718083679661167,0.33523793558807674,1,0.3379562361986545,0.29718083679661167,0.3352379355880765,1,1,True,kkt,0.33795623510107053,0.29718083389578465,0.33523793454356005,1,optimal,CLARABEL,0.0,1.5242200886635085e-08,0.0,1.4175042806208182e-08
0.031755469896047134,0.3379562361986545,0.29718083679661167,0.33515170583700055,1,0.3379562361986545,0.29718083679661167,0.33515170583700254,1,1,True,kkt,0.3379562350821355,0.297180833848029,0.3351517047761358,1,optimal,CLARABEL,0.0,1.548677419889851e-08,0.0,1.440336983016266e-08
0.03276281479885812,0.3379562361986545,0.29718083679661167,0.3350627407115056,1,0.3379562361986545,0.29718083679661167,0.3350627407115033,1,1,True,kkt,0.3379562350623713,0.2971808337980729,0.33506273963361055,1,optimal,CLARABEL,0.0,1.574270086925206e-08,0.0,1.464216203839186e-08
0.033802114629640265,0.3379562361986545,0.29718083679661167,0.33497095344021405,1,0.3379562361986545,0.29718083679661167,0.3349709534402134,1,1,True,kkt,0.3379562350417308,0.2971808337457863,0.3349709523445828,1,optimal,CLARABEL,0.0,1.601065603009804e-08,0.0,1.4892034716496028e-08
0.03487438306049219,0.3379562361986545,0.29718083679661167,0.3348762544992127,1,0.3379562361986545,0.29718083679661167,0.3348762544992117,1,1,True,kkt,0.33795623502016336,0.2971808336910287,0.33487625338509314,1,optimal,CLARABEL,0.0,1.629136880220835e-08,0.0,1.5153652110910798e-08
0.03598066591915137,0.3379562361986545,0.29718083679661167,0.3347785515247047,1,0.3379562361986545,0.29718083679661167,0.3347785515247056,1,1,True,kkt,0.33795623499761435,0.2971808336336488,0.33477855039130705,1,optimal,CLARABEL,0.0,1.658562545903802e-08,0.0,1.542773009344245e-08
0.03712204220903312,0.3379562361986545,0.29718083679661167,0.3346777492229432,1,0.3379562361986545,0.29718083679661167,0.33467774922294397,1,1,True,kkt,0.33795623497402477,0.2971808335734827,0.33467774806942907,1,optimal,CLARABEL,0.0,1.689427688248917e-08,0.0,1.5715043044650656e-08
0.0382996251616273,0.3379562361986545,0.29718083679661167,0.3345737492772732,1,0.3379562361986545,0.29718083679661167,0.33457374927727396,1,1,True,kkt,0.33795623494933086,0.2971808335103533,0.33457374810275814,1,optimal,CLARABEL,0.0,1.7218244195650655e-08,0.0,1.6016428849852105e-08
0.03951456332227906,0.3379562361986545,0.29718083679661167,0.33446645025224675,1,0.3379562361986545,0.29718083679661167,0.3344664502522483,1,1,True,kkt,0.33795623492346355,0.29718083344406876,0.334466449055795,1,optimal,CLARABEL,0.0,1.755852436272313e-08,0.0,1.6332793784101796e-08
0.040768041670412536,0.3379562361986545,0.29718083679661167,0.3343557474946935,1,0.3379562361986545,0.29718083679661167,0.3343557474946912,1,1,True,kkt,0.33795623489634813,0.2971808333744205,0.33435574627530784,1,optimal,CLARABEL,0.0,1.7916201988418368e-08,0.0,1.666512339237869e-08
0.042061282775290254,0.3379562361986545,0.29718083679661167,0.3342415330316254,1,0.3379562361986545,0.29718083679661167,0.33424153303162585,1,1,True,kkt,0.33795623486790305,0.29718083330118206,0.33424153178825877,1,optimal,CLARABEL,0.0,1.8292455662240996e-08,0.0,1.7014488040700826e-08
0.043395547988435576,0.3379562361986545,0.29718083679661167,0.3341236954649638,1,0.3379562361986545,0.29718083679661167,0.33412369546496373,1,1,True,kkt,0.33795623481871484,0.2971808331986101,0.33412369417782606,1,optimal,CLARABEL,0.0,1.8791336998377486e-08,0.0,1.749215161606088e-08
0.04477213867388096,0.3379562361986545,0.29718083679661167,0.33400211986285294,1,0.3379562361986545,0.29718083679661167,0.3340021198628537,1,1,True,kkt,0.3379562347853736,0.29718083311483706,0.33400211854754797,1,optimal,CLARABEL,0.0,1.921918100380225e-08,0.0,1.7890378400942097e-08
0.04619239747744206,0.3379562361986545,0.29718083679661167,0.3338766876475826,1,0.3379562361986545,0.29718083679661167,0.33387668764758405,1,1,True,kkt,0.33795623475031616,0.2971808330265358,0.3338766863027531,1,optimal,CLARABEL,0.0,1.9670335952805172e-08,0.0,1.8310017280143143e-08
0.04765770963625571,0.3379562361986545,0.29718083679661167,0.3337472764799264,1,0.3379562361986545,0.29718083679661167,0.3337472764799287,1,1,True,kkt,0.3379562347134207,0.2971808329333751,0.3337472751041246,1,optimal,CLARABEL,0.0,2.0146516711286964e-08,0.0,1.875262833905822e-08
0.04916950432985915,0.3379562361986545,0.29718083679661167,0.33361376013982547,1,0.3379562361986545,0.29718083679661167,0.33361376013982497,1,1,True,kkt,0.33795623467455377,0.2971808328349919,0.33361375873150045,1,optimal,CLARABEL,0.0,2.0649603201023704e-08,0.0,1.9219920766033738e-08
0.05072925607412767,0.3379562361986545,0.29718083679661167,0.33347600840326574,1,0.3379562361986545,0.29718083679661167,0.3334760084032655,1,1,True,kkt,0.3379562346137902,0.29718083270389595,0.33347600694180285,1,optimal,CLARABEL,0.0,2.1281437594356674e-08,0.0,1.9820650121182837e-08
0.05233848615943104,0.3379562361986545,0.29718083679661167,0.3333338869152881,1,0.3379562361986545,0.29718083679661167,0.333333886915286,1,1,True,kkt,0.33795623456794327,0.29718083259029127,0.3333338854154249,1,optimal,CLARABEL,0.0,2.185780525491286e-08,0.0,2.0357090679823386e-08
0.053998764134410966,0.3379562361986545,0.29718083679661167,0.3331872570589217,1,0.3379562361986545,0.29718083679661167,0.33318725705892244,1,1,True,kkt,0.3379562345194998,0.29718083246994814,0.33318725551863115,1,optimal,CLARABEL,0.0,2.2468649286333742e-08,0.0,2.092519912899604e-08
0.055711709336826704,0.3379562361986545,0.29718083679661167,0.3330359758200143,1,0.3379562361986545,0.29718083679661167,0.33303597582001315,1,1,True,kkt,0.3379562344682538,0.29718083234231596,0.3330359742371071,1,optimal,CLARABEL,0.0,2.311680293773443e-08,0.0,2.152755385065319e-08
0.057478992472962065,0.3379562361986545,0.29718083679661167,0.33287989564771236,1,0.3379562361986545,0.29718083679661167,0.3328798956477105,1,1,True,kkt,0.337956234413977,0.2971808322067842,0.33287989401983664,1,optimal,CLARABEL,0.0,2.3805408059191296e-08,0.0,2.216701200374871e-08
0.05930233724713452,0.3379562361986545,0.29718083679661167,0.33271886431056685,1,0.3379562361986545,0.29718083679661167,0.3327188643105687,1,1,True,kkt,0.3379562343564167,0.29718083206267526,0.33271886263518813,1,optimal,CLARABEL,0.0,2.453795459522619e-08,0.0,2.284674460728553e-08
0.061183522042895164,0.3379562361986545,0.29718083679661167,0.3325527247480661,1,0.3379562361986545,0.29718083679661167,0.33255272474806624,1,1,True,kkt,0.3379562342952928,0.29718083190923567,0.33255272302243466,1,optimal,CLARABEL,0.0,2.531832589098404e-08,0.0,2.357027673038914e-08
0.06312438165755971,0.3379562361986545,0.29718083679661167,0.3323813149174195,1,0.3379562361986545,0.29718083679661167,0.33238131491741824,1,1,True,kkt,0.33795623423029403,0.29718083174562476,0.3323813131385643,1,optimal,CLARABEL,0.0,2.615085654495778e-08,0.0,2.4341539228700526e-08
0.06512680909176222,0.3379562361986545,0.29718083679661167,0.3322044676355294,1,0.3379562361986545,0.29718083679661167,0.33220446763552913,1,1,True,kkt,0.3379562341610732,0.297180831570903,0.33220446580022917,1,optimal,CLARABEL,0.0,2.7040394400853756e-08,0.0,2.5164923589393595e-08
0.06719275739577694,0.3379562361986545,0.29718083679661167,0.33202201041593243,1,0.3379562361986545,0.29718083679661167,0.33202201041593266,1,1,True,kkt,0.33795623408724346,0.2971808313840179,0.3320220085206833,1,optimal,CLARABEL,0.0,2.799237602834756e-08,0.0,2.6045348655578948e-08
0.069324241574409,0.3379562361986545,0.29718083679661167,0.3318337653005596,1,0.3379562361986545,0.29718083679661167,0.33183376530055814,1,1,True,kkt,0.337956233984998,0.29718083115996663,0.3318337633191521,1,optimal,CLARABEL,0.0,2.9117003014555827e-08,0.0,2.7099974375666136e-08
0.07152334055231169,0.3379562361986545,0.29718083679661167,0.3316395486861608,1,0.3379562361986545,0.29718083679661167,0.3316395486861608,1,1,True,kkt,0.3379562338958863,0.29718083094025616,0.33163954663235057,1,optimal,CLARABEL,0.0,3.0233981071564327e-08,0.0,2.8134248930555827e-08
0.07379219920164795,0.3379562361986545,0.29718083679661167,0.33143917114524507,1,0.3379562361986545,0.29718083679661167,0.3314391711452461,1,1,True,kkt,0.3379562338003764,0.2971808307040333,0.331439169014184,1,optimal,CLARABEL,0.0,3.143563776130676e-08,0.0,2.924587250152655e-08
0.07613303043407274,0.3379562361986545,0.29718083679661167,0.33123243724131346,1,0.3379562361986545,0.29718083679661167,0.33123243724131307,1,1,True,kkt,0.3379562336724266,0.29718083042655435,0.3312324350033338,1,optimal,CLARABEL,0.0,3.283824683691636e-08,0.0,3.055806296892172e-08
0.07854811735907721,0.3379562361986545,0.29718083679661167,0.33101914533823684,1,0.3379562361986545,0.29718083679661167,0.33101914533823695,1,1,True,kkt,0.33795623355622334,0.2971808301465444,0.3310191430062708,2,optimal,CLARABEL,0.0,3.426222306870809e-08,0.0,3.1876385420126496e-08
0.08103981551079979,0.3379562361986545,0.29718083679661167,0.3307990874036057,1,0.3379562361986545,0.29718083679661167,0.3307990874036054,1,1,True,kkt,0.3379562334309905,0.2971808298436851,0.33079908497084276,2,optimal,CLARABEL,0.0,3.580347326484193e-08,0.0,3.330173103943679e-08
0.08361055514547634,0.3379562361986545,0.29718083679661167,0.33057204880581526,1,0.3379562361986545,0.29718083679661167,0.3305720488058157,1,1,True,kkt,0.33795623329575425,0.29718082951538144,0.3305720462647555,2,optimal,CLARABEL,0.0,3.7475441723886375e-08,0.0,3.484619426341595e-08
0.08626284361176907,0.3379562361986545,0.29718083679661167,0.330337808104736,1,0.3379562361986545,0.29718083679661167,0.3303378081047356,1,1,True,kkt,0.33795623311969797,0.2971808291329272,0.3303378054187064,2,optimal,CLARABEL,0.0,3.940840846389886e-08,0.0,3.664694991911688e-08
0.08899926779628765,0.3379562361986545,0.29718083679661167,0.3300961368357231,1,0.3379562361986545,0.29718083679661167,0.3300961368357239,1,1,True,kkt,0.33795623292251076,0.2971808287074768,0.3300961339874772,2,optimal,CLARABEL,0.0,4.153475693757747e-08,0.0,3.86282253961312e-08
0.09182249664668668,0.3379562361986545,0.29718083679661167,0.32984679928679855,1,0.3379562361986545,0.29718083679661167,0.3298467992867991,1,1,True,kkt,0.33795623273190367,0.2971808282664164,0.32984679628559027,2,optimal,CLARABEL,0.0,4.376967717684877e-08,0.0,4.069525227912152e-08
0.0947352837748007,0.3379562361986545,0.29718083679661167,0.32958955226874026,1,0.3379562361986545,0.29718083679661167,0.32958955226874,1,1,True,kkt,0.3379562325243335,0.29718082778364907,0.329589549101912,2,optimal,CLARABEL,0.0,4.6218375050212386e-08,0.0,4.295666911069418e-08
0.09774047014235544,0.3379562361986545,0.29718083679661167,0.3293241448778922,1,0.3379562361986545,0.29718083679661167,0.329324144877893,1,1,True,kkt,0.33795623229775584,0.2971808272537552,0.3293241415313693,2,optimal,CLARABEL,0.0,4.89090106565602e-08,0.0,4.54375890246439e-08
0.10084098683187565,0.3379562361986545,0.29718083679661167,0.3290503182514555,1,0.3379562361986545,0.29718083679661167,0.32905031825145564,1,1,True,kkt,0.33795623204982517,0.2971808266704316,0.3290503147095492,2,optimal,CLARABEL,0.0,5.1874420595307825e-08,0.0,4.8167190458414666e-08
0.10403985790549065,0.3379562361986545,0.29718083679661167,0.3287678053149967,1,0.3379562361986545,0.29718083679661167,0.3287678053149968,1,1,True,kkt,0.33795623177784145,0.29718082602631885,0.3287678015601896,2,optimal,CLARABEL,0.0,5.5153051390562125e-08,0.0,5.11795043012242e-08
0.1073402033544276,0.3379562361986545,0.29718083679661167,0.3284763305219677,1,0.3379562361986545,0.29718083679661167,0.32847633052196795,1,1,True,kkt,0.3379562314786885,0.2971808253127912,0.328476326534657,2,optimal,CLARABEL,0.0,5.879010549579317e-08,0.0,5.451437368186873e-08
0.11074524214206764,0.3379562361986545,0.29718083679661167,0.3281756095849513,1,0.3379562361986545,0.29718083679661167,0.3281756095849514,1,1,True,kkt,0.33795623114875545,0.29718082451969297,0.3281756053431526,2,optimal,CLARABEL,0.0,6.283898053130134e-08,0.0,5.821865411981264e-08
0.11425829534353403,0.3379562361986545,0.29718083679661167,0.327865349198383,1,0.3379562361986545,0.29718083679661167,0.32786534919838295,1,1,True,kkt,0.33795623078384435,0.29718082363501375,0.32786534467738676,2,optimal,CLARABEL,0.0,6.736305236876804e-08,0.0,6.234768901158816e-08
0.11788278938487422,0.3379562361986545,0.29718083679661167,0.3275452467524791,1,0.3379562361986545,0.29718083679661167,0.32754524675247865,1,1,True,kkt,0.33795623037905353,0.2971808226444795,0.32754524192444695,2,optimal,CLARABEL,0.0,7.243793412836159e-08,0.0,6.696716925436164e-08
0.12162225938499452,0.3379562361986545,0.29718083679661167,0.3272149900380872,1,0.3379562361986545,0.29718083679661167,0.32721499003808724,1,1,True,kkt,0.3379562299286334,0.2971808215310354,0.32721498487157813,2,optimal,CLARABEL,0.0,7.815434092444782e-08,0.0,7.215547692673852e-08
0.12548035260360815,0.3379562361986545,0.29718083679661167,0.3268742569421794,1,0.3379562361986545,0.29718083679661167,0.3268742569421795,1,1,True,kkt,0.33795622942580555,0.297180820274189,0.32687425140158455,2,optimal,CLARABEL,0.0,8.462175312506974e-08,0.0,7.800666423918301e-08
0.12946083199855804,0.3379562361986545,0.29718083679661167,0.3265227151336779,1,0.3379562361986545,0.29718083679661167,0.32652271513367814,1,1,True,kkt,0.3379562288625318,0.2971808188491635,0.3265227091785497,2,optimal,CLARABEL,0.0,9.197315633392488e-08,0.0,8.463428757821134e-08
0.13356757989598556,0.3379562361986545,0.29718083679661167,0.3261600217393218,1,0.3379562361986545,0.29718083679661167,0.3261600217393215,1,1,True,kkt,0.33795622822921734,0.29718081722579726,0.32616001532356137,2,optimal,CLARABEL,0.0,1.0037122711993008e-07,0.0,9.217638541336726e-08
0.13780460177692355,0.3379562361986545,0.29718083679661167,0.3257858230092456,1,0.3379562361986545,0.29718083679661167,0.3257858230092453,1,1,True,kkt,0.33795622751432236,0.2971808153670972,0.3257858160801141,2,optimal,CLARABEL,0.0,1.100165010373194e-07,0.0,1.0080202195172916e-07
0.14217603018400746,0.3379562361986545,0.29718083679661167,0.3253997539719557,1,0.3379562361986545,0.29718083679661167,0.3253997539719554,1,1,True,kkt,0.33795622670384823,0.29718081322731316,0.32539974646884867,2,optimal,CLARABEL,0.0,1.2115827818012456e-07,0.0,1.1071998795575411e-07
0.1466861287521155,0.3379562361986545,0.29718083679661167,0.32500143807835685,1,0.3379562361986545,0.29718083679661167,0.3250014380783564,1,1,True,kkt,0.337956225780642,0.2971808107493323,0.32500142993126574,4,optimal,CLARABEL,0.0,1.341094241096255e-07,0.0,1.2219057543561007e-07
0.15133929636686744,0.3379562361986545,0.29718083679661167,0.3245904868344872,1,0.3379562361986545,0.29718083679661167,0.3245904868344873,1,1,True,kkt,0.3379562247234459,0.29718080786110823,0.3245904779620351,4,optimal,CLARABEL,0.0,1.4926670237463308e-07,0.0,1.355417075243892e-07
0.15614007145504014,0.3379562361986545,0.29718083679661167,0.3241664994226072,1,0.3379562361986545,0.29718083679661167,0.3241664994226078,1,1,True,kkt,0.3379562235055647,0.29718080447066564,0.3241664897294844,4,optimal,CLARABEL,0.0,1.6713926212258798e-07,0.0,1.511915010965481e-07
0.16109313641108275,0.3379562361986545,0.29718083679661167,0.3237290623102639,1,0.3379562361986545,0.29718083679661167,0.3237290623102637,1,1,True,kkt,0.3379562361399026,0.29718083655388317,0.3237290622747525,1,optimal,CLARABEL,0.0,1.4013862458978584e-09,0.0,1.1476403161125859e-09
0.1662033221640492,0.3379562361986545,0.29718083679661167,0.32327774884695143,1,0.3379562361986545,0.29718083679661167,0.32327774884695204,1,1,True,kkt,0.33795623613200226,0.29718083651833943,0.32327774880778887,1,optimal,CLARABEL,0.0,1.6100970993566468e-09,0.0,1.3118639508036267e-09
0.1714756128894038,0.3379562361986545,0.29718083679661167,0.32281211884799055,1,0.3379562361986545,0.29718083679661167,0.3228121188479907,1,1,True,kkt,0.3379562361224072,0.2971808364747664,0.3228121188045454,1,optimal,CLARABEL,0.0,1.8666625619887474e-09,0.0,1.5126956354194476e-09
0.17691515087029286,0.3379562361986545,0.29718083679661167,0.32233171816518863,1,0.3379562361986545,0.29718083679661167,0.32233171816518863,1,1,True,kkt,0.33795623610102205,0.2971808363975338,0.3223317181095198,1,optimal,CLARABEL,0.0,2.2719502894394106e-09,0.0,1.8642052346251603e-09
0.1825272415130268,0.3379562361986545,0.29718083679661167,0.3218360782438959,1,0.3379562361986545,0.29718083679661167,0.3218360782438959,1,1,True,kkt,0.33795623608525754,0.29718083632698483,0.32183607818144744,1,optimal,CLARABEL,0.0,2.6832384687713274e-09,0.0,2.187426573208029e-09
0.1883173585216616,0.3379562361986545,0.29718083679661167,0.3213247156660035,1,0.3379562361986545,0.29718083679661167,0.3213247156660033,1,1,True,kkt,0.33795623606539,0.2971808362371141,0.3213247155953626,1,optimal,CLARABEL,0.0,3.2091410289913713e-09,0.0,2.598260495645377e-09
0.19429114923672938,0.3379562361986545,0.29718083679661167,0.3207971316784445,1,0.3379562361986545,0.29718083679661167,0.3207971316784444,1,1,True,kkt,0.3379562360398788,0.2971808361204748,0.3207971315977485,1,optimal,CLARABEL,0.0,3.894285142577477e-09,0.0,3.130299797149405e-09
0.20045444014332275,0.3379562361986545,0.29718083679661167,0.32025281170674175,1,0.3379562361986545,0.29718083679661167,0.32025281170674136,1,1,True,kkt,0.3379562360063847,0.2971808359656957,0.32025281161346886,1,optimal,CLARABEL,0.0,4.806954835886793e-09,0.0,3.834782491551891e-09
0.2068132425539064,0.3379562361986545,0.29718083679661167,0.3196912248531188,1,0.3379562361986545,0.29718083679661167,0.31969122485311874,1,1,True,kkt,0.3379562358893465,0.2971808356340337,0.319691224686717,1,optimal,CLARABEL,0.0,6.503551947208742e-09,0.0,5.3421155277177945e-09
0.21337375847139947,0.3379562361986545,0.29718083679661167,0.31911182337869726,1,0.3379562361986545,0.29718083679661167,0.3191118233786975,1,1,True,kkt,0.3379562357817843,0.2971808352679309,0.3191118231556964,1,optimal,CLARABEL,0.0,8.516310747847005e-09,0.0,6.997765256144817e-09
0.22014238663824442,0.3379562361986545,0.29718083679661167,0.318514042169262,1,0.3379562361986545,0.29718083679661167,0.31851404216926205,1,1,True,kkt,0.3379562356121899,0.29718083472766826,0.3185140418535067,1,optimal,CLARABEL,0.0,1.149203106293979e-08,0.0,9.448599791461731e-09
0.22712572877736611,0.3379562361986545,0.29718083679661167,0.31789729818408136,1,0.3379562361986545,0.29718083679661167,0.31789729818408147,1,1,True,kkt,0.3379562353346357,0.2971808339130392,0.31789729770933006,1,optimal,CLARABEL,0.0,1.5999868972621988e-08,0.0,1.3135338594594259e-08
0.23433059603110462,0.3379562361986545,0.29718083679661167,0.31726098988724544,1,0.3379562361986545,0.29718083679661167,0.31726098988724544,1,1,True,kkt,0.33795623503607336,0.29718083275425466,0.31726098928767216,2,optimal,CLARABEL,0.0,2.2677203825612222e-08,0.0,1.8356297815103062e-08
0.24176401560440375,0.3379562361986545,0.29718083679661167,0.31660449666096174,1,0.3379562361986545,0.29718083679661167,0.31660449666096163,1,1,True,kkt,0.3379562345606555,0.2971808308361128,0.31660449587945805,2,optimal,CLARABEL,0.0,3.3843051005420634e-08,0.0,2.6976514355681047e-08
0.2494332376187354,0.3379562361986545,0.29718083679661167,0.31592717820024147,1,0.3379562361986545,0.29718083679661167,0.31592717820024124,1,1,True,kkt,0.3379562337528791,0.297180827441143,0.3159271771414473,2,optimal,CLARABEL,0.0,5.3814220323261044e-08,0.0,4.219358118451311e-08
0.2573457421834418,0.3379562361986545,0.29718083679661167,0.3152283738883831,1,0.3379562361986545,0.29718083679661167,0.31522837388838343,1,1,True,kkt,0.3379562322467508,0.29718082084746006,0.3152283723760052,2,optimal,CLARABEL,0.0,9.300290663484391e-08,0.0,7.167218185610835e-08
0.2655092466913963,0.3379562361986545,0.29718083679661167,0.31450740215264833,1,0.3379562361986545,0.29718083679661167,0.3145074021526482,1,1,True,kkt,0.3379562290007606,0.29718080607479896,0.31450739980291786,2,optimal,CLARABEL,0.0,1.8164678296597688e-07,0.0,1.3755883854216222e-07
0.2739317133460955,0.3379562361986545,0.29718083679661167,0.31376355979949017,1,0.3379562361986545,0.29718083679661167,0.31376355979949044,1,1,True,kkt,0.3379562202768475,0.2971807648547249,0.3137635555908652,2,optimal,CLARABEL,0.0,4.312246098965364e-07,0.0,3.209855590213806e-07
0.282621356927525,0.3379562361986545,0.29718083679661167,0.31299612132870624,1,0.3379562361986545,0.29718083679661167,0.31299612132870636,1,1,True,kkt,0.3379561884927298,0.2971806087074951,0.3129961119370177,4,optimal,CLARABEL,0.0,1.385226796831441e-06,0.0,1.0142336197560553e-06
0.29158665280437496,0.3379562361986545,0.29718083679661167,0.3122043382258225,1,0.3379562361986545,0.29718083679661167,0.3122043382258228,1,1,True,kkt,0.3379562339410926,0.2971808247967178,0.31220433804793757,2,optimal,CLARABEL,0.0,7.439917458830668e-08,0.0,5.3167941715948075e-08
0.30083634520041663,0.3379562361986545,0.29718083679661167,0.3113874382320403,1,0.3379562361986545,0.29718083679661167,0.3113874382320403,1,1,True,kkt,0.3379561868151518,0.2971805767779274,0.31138743534131247,2,optimal,CLARABEL,0.0,1.613218457424268e-06,0.0,1.1498134652176972e-06
0.3103794557231064,0.337948353864941,0.2971380987851024,0.3105446258984305,2,0.337948353864941,0.2971380987851024,0.31054462589843057,2,2,True,kkt,0.3379407120396973,0.2970966873388595,0.31054462192866894,2,optimal,CLARABEL,0.0,0.0002585973039500761,0.0,0.0001828735512036106
0.32022529216273127,0.337217780652124,0.2932122591413862,0.3096869142609324,2,0.337217780652124,0.2932122591413862,0.3096869142609327,2,1,True,kkt,0.3372177489396282,0.293212095751491,0.30968691323108394,2,optimal,CLARABEL,0.0,1.0310896876728098e-06,0.0,7.357771276694791e-07
0.330383457570683,0.33650967007588384,0.28947562071354493,0.30882481326765615,2,0.33650967007588384,0.28947562071354493,0.3088248132676565,2,1,True,kkt,0.3365096689847095,0.28947561516226256,0.3088248132383088,2,optimal,CLARABEL,0.0,3.55761285223947e-08,0.0,2.5533206882144555e-08
0.3408638596257105,0.33582333148669613,0.28592074337009854,0.30795748207585616,2,0.33582333148669613,0.28592074337009854,0.3079574820758565,2,1,True,kkt,0.33582331342609334,0.28592066621517015,0.3079574790542977,2,optimal,CLARABEL,0.0,4.855629041765885e-07,0.0,3.6297151939646e-07
0.35167672029728797,0.33515809547015557,0.2825403623730779,0.30708407474155824,2,0.33515809547015557,0.2825403623730779,0.30708407474155824,2,1,True,kkt,0.3351580904843942,0.2825403439053683,0.30708407342580596,2,optimal,CLARABEL,0.0,1.1391467809016762e-07,0.0,8.896227787769106e-08
0.36283258581552597,0.33451331319406885,0.2793273901330665,0.3062037393944742,2,0.33451331319406885,0.2793273901330665,0.3062037393944746,2,1,True,kkt,0.3345133111585437,0.2793273838080206,0.30620373864102457,2,optimal,CLARABEL,0.0,3.759951495068791e-08,0.0,3.121653913140676e-08
0.3743423369573438,0.333888355775621,0.2762749179668357,0.3053156174071405,2,0.333888355775621,0.2762749179668357,0.3053156174071407,2,1,True,kkt,0.33388835471460915,0.27627491524976844,0.30531561690813463,2,optimal,CLARABEL,0.0,1.5407905015868316e-08,0.0,1.3725545811027473e-08
0.38621719965894297,0.3332826136680008,0.2733762177873777,0.3044188425574598,2,0.3332826136680008,0.2733762177873777,0.3044188425574598,2,1,True,kkt,0.33328261299840617,0.27337621636247883,0.3044188421887542,2,optimal,CLARABEL,0.0,7.80886200454504e-09,0.0,7.343813446247793e-09
0.39846875596492587,0.332695496065884,0.27062474366156425,0.30351254018384005,2,0.332695496065884,0.27062474366156425,0.30351254018384044,2,1,True,kkt,0.33269549565576073,0.2706247428409372,0.30351253995070265,2,optimal,CLARABEL,0.0,4.585741920013493e-09,0.0,4.3292787132998e-09
0.4111089553247426,0.33212643032919675,0.26801413317696704,0.3025958263321032,2,0.33212643032919675,0.26801413317696704,0.30259582633210336,2,1,True,kkt,0.3321264300451278,0.26801413265328233,0.3025958261634367,2,optimal,CLARABEL,0.0,3.183202545245296e-09,0.0,2.8286095687946045e-09
0.4241501262474842,0.331574861424596,0.2655382085663711,0.30166780689332384,2,0.331574861424596,0.2655382085663711,0.30166780689332406,2,1,True,kkt,0.3315748611788302,0.26553820816067475,0.3016678067389439,2,optimal,CLARABEL,0.0,2.7268737976088815e-09,0.0,2.2086755757655396e-09
0.43760498832638595,0.33104025138412246,0.2631909775459929,0.30072757673177153,2,0.33104025138412246,0.2631909775459929,0.3007275767317716,2,1,True,kkt,0.3310402511864522,0.2631909772334029,0.3007275766061056,2,optimal,CLARABEL,0.0,2.406843173883043e-09,0.0,1.7374522931490333e-09
0.45148666464477405,0.3305220787804983,0.26096663383118474,0.2997742188020918,2,0.3305220787804983,0.26096663383118474,0.2997742188020921,2,1,True,kkt,0.3305220785909426,0.2609666335407315,0.2997742186809806,2,optimal,CLARABEL,0.0,2.3577597085188108e-09,0.0,1.613014499746157e-09
0.4658086945755498,0.33001983821855735,0.2588595573012646,0.29880680325487674,2,0.33001983821855735,0.2588595573012646,0.29880680325487674,2,1,True,kkt,0.3300198380301489,0.258859557015364,0.2988068031354155,2,optimal,CLARABEL,0.0,2.3789261320427673e-09,0.0,1.5834786815105417e-09
0.48058504698670146,0.3295330398423127,0.25686431379288255,0.29782438652974075,2,0.3295330398423127,0.25686431379288255,0.297824386529741,2,1,True,kkt,0.32953303964971703,0.2568643135016674,0.2978243864090436,2,optimal,CLARABEL,0.0,2.461520066686859e-09,0.0,1.6068002484104227e-09
0.4958301338657179,0.3290612088571795,0.2549756545088469,0.29682601043503115,2,0.3290612088571795,0.2549756545088469,0.2968260104350313,2,1,True,kkt,0.3290612086565764,0.2549756542071584,0.29682601031070993,2,optimal,CLARABEL,0.0,2.59844793789193e-09,0.0,1.6557943904871308e-09
0.5115588243761954,0.3286038850668884,0.2531885150364547,0.29581070121326064,2,0.3286038850668884,0.2531885150364547,0.2958107012132609,2,1,True,kkt,0.3286038848547649,0.2531885147201769,0.2958107010830665,2,optimal,CLARABEL,0.0,2.792504117295438e-09,0.0,1.7229075943703265e-09
0.5277864593603492,0.32816062242463695,0.2514980139759725,0.2947774685913641,2,0.32816062242463695,0.2514980139759725,0.29477746859136417,2,1,True,kkt,0.32816062216821384,0.2514980136051503,0.2947774684333849,2,optimal,CLARABEL,0.0,3.1785276132116413e-09,0.0,1.969827079228992e-09
0.5445288663015695,0.3277309885980419,0.24989945118591772,0.2937253048148423,2,0.3277309885980419,0.24989945118591772,0.2937253048148422,2,1,True,kkt,0.32773098832046926,0.24989945078789433,0.2937253046455936,2,optimal,CLARABEL,0.0,3.5102731285574555e-09,0.0,2.136652993423027e-09
0.5618023747616222,0.3273145645474675,0.24838830565710868,0.29265318366485826,2,0.3273145645474675,0.24838830565710868,0.2926531836648583,2,1,True,kkt,0.32731456424344946,0.24838830522339952,0.2926531834818843,2,optimal,CLARABEL,0.0,3.924819240840937e-09,0.0,2.4578582502599033e-09
0.5796238323075447,0.32691094411731847,0.246960233032073,0.2915600594573239,2,0.32691094411731847,0.246960233032073,0.291560059457324,2,1,True,kkt,0.32691094373045776,0.24696023250204388,0.2915600592222043,2,optimal,CLARABEL,0.0,4.6247815328628574e-09,0.0,2.919349928465209e-09
0.598010620943774,0.32651973363990017,0.24561106279028028,0.29044486602300046,2,0.32651973363990017,0.24561106279028028,0.2904448660230005,2,1,True,kkt,0.3265197331417307,0.24561106214981385,0.29044486571297196,2,optimal,CLARABEL,0.0,5.461381106642183e-09,0.0,3.4614687782763554e-09
0.6169806740655365,0.3261405515514581,0.2443367951228157,0.2893065156676198,2,0.3261405515514581,0.2443367951228157,0.2893065156676198,2,1,True,kkt,0.32614055096387096,0.24433679437421504,0.2893065153057373,2,optimal,CLARABEL,0.0,6.3526339016638356e-09,0.0,4.0477888263446005e-09
0.6365524939500268,0.32577302802002256,0.24313359752255662,0.28814389811101065,2,0.32577302802002256,0.24313359752255662,0.2881438981110107,2,1,True,kkt,0.325773027335123,0.24313359663836345,0.2881438976997995,2,optimal,CLARABEL,0.0,7.503085123562334e-09,0.0,4.7570650751893595e-09
0.6567451698024469,0.3254168045846969,0.24199780111767663,0.2869558794041978,2,0.3254168045846969,0.24199780111767663,0.28695587940419787,2,1,True,kkt,0.3254168037811986,0.2419978000640783,0.2869558789355982,2,optimal,CLARABEL,0.0,8.950695443168952e-09,0.0,5.634228195106061e-09
0.6775783963744958,0.32507153380603515,0.24092589677744672,0.2857413008234133,2,0.32507153380603515,0.24092589677744672,0.2857413008234135,2,1,True,kkt,0.32507153285685775,0.24092589551034388,0.2857413002879355,2,optimal,CLARABEL,0.0,1.0798035536310855e-08,0.0,6.73716876731234e-09
0.699072493173474,0.3247368789271705,0.239914531019865,0.28449897773994637,2,0.3247368789271705,0.239914531019865,0.28449897773994653,2,1,True,kkt,0.32473687779458693,0.23991452947678005,0.28449897712496813,2,optimal,CLARABEL,0.0,1.3218758005017729e-08,0.0,8.159049991185441e-09
0.721248424280742,0.324412513545362,0.2389605017507044,0.2832276984647253,2,0.324412513545362,0.2389605017507044,0.2832276984647253,2,1,True,kkt,0.32441251217479267,0.23896049983961937,0.28322769775290657,2,optimal,CLARABEL,0.0,1.649572675042585e-08,0.0,1.0049460874572702e-08
0.7441278187988525,0.32409812129364074,0.23806075386317618,0.28192622306650705,2,0.32409812129364074,0.23806075386317618,0.2819262230665071,2,1,True,kkt,0.324098119602462,0.23806075144220287,0.28192622223306774,3,optimal,CLARABEL,0.0,2.1112698859828937e-08,0.0,1.2660480941395491e-08
0.7677329919473117,0.32379339553224395,0.23721237472663115,0.2805932821625216,2,0.32379339553224395,0.23721237472663115,0.2805932821625217,2,1,True,kkt,0.323793393388026,0.23721237156415398,0.2805932811701777,3,optimal,CLARABEL,0.0,2.7950893229383602e-08,0.0,1.644472724660062e-08
0.7920869668275324,0.3234980390495365,0.23641258959162909,0.27922757568039025,2,0.3234980390495365,0.23641258959162909,0.2792275756803903,2,1,True,kkt,0.32349803620526973,0.23641258525922068,0.2792275744586913,3,optimal,CLARABEL,0.0,3.887996013187251e-08,0.0,2.2334412042024354e-08
0.8172134968782193,0.3232117637721283,0.23565875693735888,0.2778277715901105,2,0.3232117637721283,0.23565875693735888,0.27782777159011063,2,1,True,kkt,0.3232117597597824,0.23565875061757968,0.2778277700119353,3,optimal,CLARABEL,0.0,5.7720800045227146e-08,0.0,3.4759942814461324e-08
0.8431370890430792,0.32293429048390404,0.23494836378584108,0.27639250460487336,2,0.32293429048390404,0.23494836378584108,0.27639250460487347,2,1,True,kkt,0.3229342843754087,0.23494835380441567,0.27639250245089264,4,optimal,CLARABEL,0.0,9.329746663259581e-08,0.0,5.927370395873372e-08
0.8698830276734549,0.32266534855369267,0.23427902100565517,0.27492037484944165,2,0.32266534855369267,0.23427902100565517,0.27492037484944176,2,1,True,kkt,0.32266533810549447,0.234279003224547,0.2749203716486574,5,optimal,CLARABEL,0.0,1.7123966481557376e-07,0.0,1.1475642796958012e-07
0.8974773991892017,0.3224046756713093,0.23364845862613914,0.27340994649479444,2,0.3224046756713093,0.23364845862613914,0.27340994649479455,2,1,True,kkt,0.3224046542713822,0.23364842050363455,0.2734099410830032,6,optimal,CLARABEL,0.0,3.814872256199667e-07,0.0,2.6950207875588754e-07
0.9259471175218478,0.3221520175917132,0.2330545211811658,0.27185974635770327,2,0.3221520175917132,0.2330545211811658,0.2718597463577033,2,1,True,kkt,0.3221520170944015,0.233054520169506,0.2718597462970162,2,optimal,CLARABEL,0.0,1.1227044313471385e-08,0.0,8.550665670637026e-09
0.9553199503648675,0.32190712788703235,0.23249516309973445,0.2702682624638757,2,0.32190712788703235,0.23249516309973445,0.27026826246387575,2,1,True,kkt,0.32190712507458696,0.23249515738620544,0.270268262189463,3,optimal,CLARABEL,0.0,6.413385886254265e-08,0.0,5.0032980373455386e-08
0.9856245462566599,0.32166976770621186,0.23196844415876688,0.26863394257326434,2,0.32166976770621186,0.23196844415876688,0.26863394257326445,2,1,True,kkt,0.32166967830499066,0.23196825780895247,0.2686339383837386,6,optimal,CLARABEL,0.0,2.1887267215177313e-06,0.0,1.7598160056867612e-06
1.0168904625226516,0.3213468330025439,0.23127437990494898,0.2669555598654493,3,0.3213468330025439,0.23127437990494898,0.26695555986544917,3,2,True,kkt,0.3213467433655069,0.23127419056980025,0.2669555592843255,4,optimal,CLARABEL,0.0,2.2856647192736734e-06,0.0,1.85833452545376e-06
1.049148194103779,0.3207627342841821,0.23004841291479736,0.2652394278889076,3,0.3207627342841821,0.23004841291479736,0.2652394278889076,3,1,True,kkt,0.32076272939314165,0.23004840346763183,0.265239427558106,3,optimal,CLARABEL,0.0,1.0318667386782984e-07,0.0,7.837900513167628e-08
1.0824292032994687,0.32019659461086236,0.22889069355217,0.2634871007808675,3,0.32019659461086236,0.22889069355217,0.2634871007808675,3,1,True,kkt,0.3201965941202194,0.2288906926420275,0.2634871007412147,3,optimal,CLARABEL,0.0,7.96008747342695e-09,0.0,4.487845595146922e-09
1.1167659504541123,0.3196478618031523,0.22779771144932467,0.26169686942424425,3,0.3196478618031523,0.22779771144932467,0.26169686942424425,3,1,True,kkt,0.3196478612647806,0.2277977104846054,0.26169686937671544,3,optimal,CLARABEL,0.0,9.553564256571652e-09,0.0,7.699125054379643e-09
1.1521919256169868,0.31911600065925516,0.22676610786164664,0.2598669877323721,3,0.31911600065925516,0.22676610786164664,0.25986698773237205,3,1,True,kkt,0.3191159964653059,0.22676610049059778,0.25986698739020975,4,optimal,CLARABEL,0.0,7.931346669757492e-08,0.0,6.6896734466833e-08
1.1887416812064866,0.3186004924330056,0.2257926718966778,0.25799567094597364,3,0.3186004924330056,0.2257926718966778,0.25799567094597364,3,1,True,kkt,0.3186004445309834,0.22579258383151157,0.2579956703189369,4,optimal,CLARABEL,0.0,9.904920688123191e-07,0.0,8.546728870486994e-07
1.2264508657105195,0.317723733562584,0.22418145985052712,0.25608559142784937,4,0.317723733562584,0.22418145985052712,0.2560855914278493,4,2,True,kkt,0.31772371469098964,0.22418142646364983,0.2560855909155335,4,optimal,CLARABEL,0.0,3.7565612742405926e-07,0.0,3.2071011278264616e-07
1.2653562584559563,0.3167533588323016,0.22243714804198506,0.2541457014661943,4,0.3167533588323016,0.22243714804198506,0.2541457014661943,4,1,True,kkt,0.3167533213383704,0.2224370891832138,0.2541456971053016,6,optimal,CLARABEL,0.0,6.360103538481429e-07,0.0,5.06427452690375e-07
1.305495805481025,0.31581281981803966,0.22078589635148685,0.252174583383589,4,0.31581281981803966,0.22078589635148685,0.252174583383589,4,1,True,kkt,0.3158128131492688,0.22078588777951855,0.2521745816563017,6,optimal,CLARABEL,0.0,9.06901935743664e-08,0.0,5.311288552023452e-08
1.3469086565456578,0.31490119917320736,0.21922329378353433,0.2501703146670643,4,0.31490119917320736,0.21922329378353433,0.2501703146670643,4,1,True,kkt,0.31490119605451533,0.21922329054634843,0.25017031346008434,5,optimal,CLARABEL,0.0,4.131601542663407e-08,0.0,2.3676815717607337e-08
1.3896352033158614,0.3140176077564957,0.2177450878502139,0.24813094047046722,4,0.3140176077564957,0.2177450878502139,0.24813094047046724,4,1,True,kkt,0.31401760551160646,0.21774508586157632,0.24813093942904677,5,optimal,CLARABEL,0.0,3.3366774369157033e-08,0.0,2.2359545105853344e-08
1.4337171187593845,0.3131611837646605,0.21634718312011633,0.24605447170781858,4,0.3131611837646605,0.21634718312011633,0.24605447170781858,4,1,True,kkt,0.31316118180699976,0.21634718155593713,0.24605447072051412,5,optimal,CLARABEL,0.0,3.230585640749284e-08,0.0,2.273978073843332e-08
1.4791973977910886,0.3123310918919707,0.21502563944384714,0.24393888311327488,4,0.3123310918919707,0.21502563944384714,0.24393888311327488,4,1,True,kkt,0.31233109001978454,0.21502563804443142,0.24393888213130005,5,optimal,CLARABEL,0.0,3.336466079060703e-08,0.0,2.4007690458568132e-08
1.5261203992076604,0.3115265225154996,0.2137766698697125,0.24178211126580312,4,0.3115265225154996,0.2137766698697125,0.24178211126580312,4,1,True,kkt,0.31152652062624764,0.213776668506841,0.24178211026582191,5,optimal,CLARABEL,0.0,3.547093390244252e-08,0.0,2.584476777393868e-08
1.5745318889525834,0.31074669090546647,0.21259663826665284,0.239582052576641,4,0.31074669090546647,0.21259663826665284,0.23958205257664095,4,1,True,kkt,0.31074668892794455,0.2125966368592105,0.23958205154137402,5,optimal,CLARABEL,0.0,3.834711698742108e-08,0.0,2.817548011398136e-08
1.6244790847535535,0.30999083645985726,0.211482056674345,0.2373365612375795,4,0.30999083645985726,0.211482056674345,0.2373365612375795,4,1,True,kkt,0.30999083432720076,0.21148205516032245,0.23733656014520238,5,optimal,CLARABEL,0.0,4.204837923374223e-08,0.0,3.1072308428149037e-08
1.6760107021758872,0.30925822196257735,0.21042958240262832,0.23504344712806752,4,0.30925822196257735,0.21042958240262832,0.23504344712806757,4,1,True,kkt,0.30925821960903904,0.21042958073122608,0.23504344595347704,5,optimal,CLARABEL,0.0,4.677102473495565e-08,0.0,3.469762774006796e-08
1.7291770021368176,0.30854813286441496,0.20943601490405264,0.23270047367909708,4,0.30854813286441496,0.20943601490405264,0.23270047367909702,4,1,True,kkt,0.308548130209337,0.20943601301711334,0.23270047239073655,5,optimal,CLARABEL,0.0,5.286450418005277e-08,0.0,3.9303260857261374e-08
1.7840298399270484,0.3078598765861117,0.20849829244443588,0.23030535569178445,4,0.3078598765861117,0.20849829244443588,0.2303053556917845,4,1,True,kkt,0.30785987351868677,0.2084982902602027,0.2303053542492857,5,optimal,CLARABEL,0.0,6.084299016838684e-08,0.0,4.524022090920978e-08
1.840622715787371,0.30719278184286053,0.2076134885969059,0.22785575710852193,4,0.30719278184286053,0.2076134885969059,0.2278557571085219,4,1,True,kkt,0.3071927782004194,0.20761348598978063,0.22785575545864462,6,optimal,CLARABEL,0.0,7.146519097126065e-08,0.0,5.30033548290958e-08
1.8990108270896482,0.30654619798957516,0.20677880858503594,0.22534928873452348,4,0.30654619798957516,0.20677880858503594,0.22534928873452353,4,1,True,kkt,0.3065461935197262,0.20677880535196608,0.2253492868037672,6,optimal,CLARABEL,0.0,8.591458347605598e-08,0.0,6.33231140295163e-08
1.9592511221731002,0.305919494386288,0.20599158550041205,0.22278350590754512,4,0.305919494386288,0.20599158550041205,0.22278350590754512,4,1,True,kkt,0.3059194885275515,0.20599158118837974,0.2227835035293883,7,optimal,CLARABEL,0.0,1.0892368780558812e-07,0.0,7.952889185139053e-08
2.0214023558883802,0.3053120597830614,0.20524927641937005,0.22015590611350383,4,0.3053120597830614,0.20524927641937005,0.22015590611350383,4,1,True,kkt,0.3053120515581847,0.20524927019777212,0.22015590305120158,7,optimal,CLARABEL,0.0,1.4532848596923455e-07,0.0,1.0423829931216062e-07
2.085525146903598,0.30472330172381035,0.20454945844274228,0.2174639265456729,4,0.30472330172381035,0.20454945844274228,0.21746392654567287,4,1,True,kkt,0.3047232891666617,0.20454944853223223,0.21746392244403323,8,optimal,CLARABEL,0.0,2.0440811249247927e-07,0.0,1.4047977562519666e-07
2.1516820368282206,0.30415264596845515,0.2038898246813286,0.21470494160507006,4,0.30415264596845515,0.2038898246813286,0.21470494160507006,4,1,True,kkt,0.30415262290499223,0.2038898052443681,0.21470493559583156,10,optimal,CLARABEL,0.0,3.308623951336208e-07,0.0,2.0161939922713095e-07
2.219937551212487,0.30359953593284195,0.20326818020850104,0.2118762603396027,4,0.30359953593284195,0.20326818020850104,0.2118762603396027,4,1,True,kkt,0.30359953526653616,0.20326817956462528,0.21187626025438533,4,optimal,CLARABEL,0.0,9.106497312762704e-09,0.0,5.8501955558939156e-09
2.2903582624818535,0.3030634321458825,0.20268243799990654,0.20897512381947014,4,0.3030634321458825,0.20268243799990654,0.20897512381947014,4,1,True,kkt,0.30306339999400295,0.2026824047298268,0.2089751225565546,6,optimal,CLARABEL,0.0,4.285998256826744e-07,0.0,3.5840634777281155e-07
2.363012854867819,0.30216240625442714,0.2017279431186997,0.20600157588486845,5,0.30216240625442714,0.2017279431186997,0.20600157588486842,5,2,True,kkt,0.3021623745003602,0.20172791062254786,0.20600157511170225,6,optimal,CLARABEL,0.0,4.220100198089646e-07,0.0,3.5207334996185946e-07
2.4379721913985044,0.3008804769576271,0.20039961378496216,0.20297150106102296,5,0.3008804769576271,0.20039961378496216,0.20297150106102296,5,1,True,kkt,0.30088047643908666,0.20039961333965967,0.20297150097760425,5,optimal,CLARABEL,0.0,8.162122849922534e-09,0.0,5.284865559486875e-09
2.515309383014299,0.2996379626180223,0.19914364030411813,0.1998853465217777,5,0.2996379626180223,0.19914364030411813,0.1998853465217777,5,1,True,kkt,0.2996379623365414,0.19914364009913862,0.19988534644564848,5,optimal,CLARABEL,0.0,6.773807855841144e-09,0.0,5.311344549347784e-09
2.5950998598759716,0.29843365136000116,0.1979564537877991,0.1967401022130023,5,0.29843365136000116,0.1979564537877991,0.19674010221300237,5,1,True,kkt,0.29843365106713815,0.19795645358540345,0.19674010212808746,5,optimal,CLARABEL,0.0,7.724888883589358e-09,0.0,6.120414936101892e-09
2.677421444934833,0.29726636856899713,0.19683462575643612,0.1935327004478709,5,0.29726636856899713,0.19683462575643612,0.19353270044787096,5,1,True,kkt,0.2972663681899236,0.1968346254935112,0.19353270034592518,5,optimal,CLARABEL,0.0,9.401627615054767e-09,0.0,7.3419213369127225e-09
2.7623544298366736,0.29613497574583847,0.19577486581995635,0.19026001291482042,5,0.29613497574583847,0.19577486581995635,0.1902600129148204,5,1,True,kkt,0.29613497512892445,0.19577486537817917,0.19026001277573218,5,optimal,CLARABEL,0.0,1.243363016738472e-08,0.0,9.249151159608927e-09
2.849981653233537,0.2950383693963233,0.1947740191162879,0.18691884762637828,5,0.2950383693963233,0.1947740191162879,0.18691884762637828,5,1,True,kkt,0.2950383676702694,0.19477401781050457,0.1869188473500113,6,optimal,CLARABEL,0.0,2.2404765287047315e-08,0.0,1.3292747804552136e-08
2.940388581579667,0.29397547995493567,0.1938290635289296,0.1835059458058863,5,0.29397547995493567,0.1938290635289296,0.1835059458058863,5,1,True,kkt,0.2939751715273007,0.19382879808085746,0.18350593995315168,14,optimal,CLARABEL,0.0,3.3395636592774746e-06,0.0,2.945709928587612e-06
3.0336633924904794,0.2921905167956355,0.1922836739874255,0.18002684595898355,6,0.2921905167956355,0.1922836739874255,0.18002684595898358,6,2,True,kkt,0.2921905128376695,0.19228367094707963,0.1800268455480306,7,optimal,CLARABEL,0.0,4.4866864031762925e-08,0.0,2.2786608051827972e-08
3.129897060745848,0.290204365390499,0.19060003224040564,0.17650029973821038,6,0.290204365390499,0.19060003224040564,0.1765002997382104,6,1,True,kkt,0.29020436381691966,0.19060003121884878,0.1765002993834679,7,optimal,CLARABEL,0.0,2.9708124698904987e-08,0.0,2.0300118396159845e-08
3.2291834470215512,0.2882792813724737,0.18900466870136898,0.17292392062780917,6,0.2882792813724737,0.18900466870136898,0.17292392062780915,6,1,True,kkt,0.28827927910460377,0.18900466723658346,0.17292392014794644,8,optimal,CLARABEL,0.0,4.1418003309014975e-08,0.0,2.537913028062081e-08
3.3316193894354806,0.28641338712751724,0.1874935345884375,0.16929422043735515,6,0.28641338712751724,0.1874935345884375,0.16929422043735515,6,1,True,kkt,0.2864133819760818,0.18749353113112688,0.16929421960518687,10,optimal,CLARABEL,0.0,8.274960623573406e-08,0.0,3.984432678239003e-08
3.437304797997856,0.2846048627718204,0.18606271596818796,0.1656076589701695,6,0.2846048627718204,0.18606271596818796,0.16560765897016957,6,1,True,kkt,0.28460482941077825,0.18606269199732395,0.16560765627046214,13,optimal,CLARABEL,0.0,5.432887353033816e-07,0.0,3.856972948779877e-07
3.546342752057603,0.2827891948187848,0.1846603946471563,0.16186081720673404,7,0.2827891948187848,0.1846603946471563,0.16186081720673398,7,2,True,kkt,0.2827891420148827,0.18466035466269648,0.16186081677199687,11,optimal,CLARABEL,0.0,1.0900146725726138e-06,0.0,9.243116054530494e-07
3.658839600839884,0.28074747724188487,0.18311905228517059,0.158057118874098,7,0.28074747724188487,0.18311905228517059,0.158057118874098,7,1,True,kkt,0.28074747501903874,0.18311905070308487,0.158057118771257,9,optimal,CLARABEL,0.0,3.060126347510619e-08,0.0,2.0538003365245003e-08
3.7749050671729045,0.2786076811842573,0.18154111633198017,0.15419746703277795,8,0.2786076811842573,0.18154111633198017,0.15419746703277795,8,2,True,kkt,0.27860752215047385,0.18154100252653008,0.15419746398080475,13,optimal,CLARABEL,0.0,5.339335862361191e-06,0.0,4.884401794532596e-06
3.8946523545051352,0.2762508720020239,0.1798401038794899,0.15028822247117862,9,0.2762508720020239,0.1798401038794899,0.15028822247117862,9,2,True,kkt,0.2762508361900508,0.17984007870450636,0.15028822192505933,11,optimal,CLARABEL,0.0,1.4193855867007933e-06,0.0,1.2852531101195186e-06
4.018198257317296,0.27395646213857794,0.17822009323931715,0.1463288352436993,9,0.27395646213857794,0.17822009323931715,0.14632883524369933,9,1,True,kkt,0.27395642343325666,0.17822006842446084,0.1463288320793874,13,optimal,CLARABEL,0.0,1.4163339798761967e-06,0.0,1.1052417976198468e-06
4.14566327503685,0.27173259755932355,0.17668463928866976,0.1423155127986723,9,0.27173259755932355,0.17668463928866976,0.1423155127986723,9,1,True,kkt,0.27173259050413184,0.17668463537191625,0.14231551148132873,13,optimal,CLARABEL,0.0,3.4700183281476046e-07,0.0,2.6381079036825995e-07
4.277171729566093,0.2695771092371827,0.1752298970336785,0.13824434077677114,9,0.2695771092371827,0.1752298970336785,0.13824434077677114,9,1,True,kkt,0.2695771052861769,0.1752298951043366,0.1382443397178039,13,optimal,CLARABEL,0.0,3.046998721918868e-07,0.0,2.617817856817801e-07
4.412851886538418,0.26748789483526847,0.17385214702305035,0.1341113483955857,9,0.26748789483526847,0.17385214702305035,0.13411134839558572,9,1,True,kkt,0.26748789111173776,0.17385214533345703,0.13411134726451215,13,optimal,CLARABEL,0.0,3.795184638855111e-07,0.0,3.3246831036213673e-07
4.552836080421112,0.26546291665638844,0.17254779506054044,0.1299125045767529,9,0.26546291665638844,0.17254779506054044,0.12991250457675294,9,1,True,kkt,0.2654629121087475,0.17254779305493995,0.12991250318023864,13,optimal,CLARABEL,0.0,5.43882903488554e-07,0.0,4.790497764088939e-07
4.697260843586617,0.26350019965559474,0.17131337165513025,0.12564371401428004,9,0.26350019965559474,0.17131337165513025,0.12564371401428004,9,1,True,kkt,0.2635001931200536,0.17131336876838152,0.12564371212469302,13,optimal,CLARABEL,0.0,8.54197876922312e-07,0.0,7.540449037459315e-07
4.84626703947823,0.26159782951384064,0.17014553120749717,0.12130081318022243,9,0.26159782951384064,0.17014553120749717,0.1213008131802224,9,1,True,kkt,0.26159781885222505,0.17014552642223937,0.1213008104101733,13,optimal,CLARABEL,0.0,1.4625926581126436e-06,0.0,1.2924479223904185e-06
5.0,0.2597539507708665,0.16904105093558952,0.11687956626382362,9,0.2597539507708665,0.16904105093558952,0.11687956626382362,9,1,True,kkt,0.25975393125092794,0.1690410419841732,0.11687956187545293,13,optimal,CLARABEL,0.0,2.741887438774126e-06,0.0,2.4236489665861095e-06
