target_return,ann_volatility,short_weight_sum,max_weight,min_weight
0.08772337506396674,0.1628805250568478,0.47288291290904383,0.2232646595523368,-0.17962381791251686
0.08898082662745764,0.1624033731708124,0.4651423491393068,0.22171107252973798,-0.17755371249398963
0.09023827819094853,0.161931915128337,0.4574017853695699,0.22015748550713918,-0.1754836070754625
0.09149572975443943,0.1614662008050378,0.4496612215998329,0.21860389848454048,-0.17341350165693525
0.09275318131793031,0.16100628004243714,0.44192065783009565,0.21705031146194165,-0.17134339623840802
0.09401063288142121,0.16055220262956102,0.43418009406035885,0.21549672443934303,-0.16927329081988074
0.0952680844449121,0.1601040182840912,0.4264395302906218,0.21394313741674426,-0.16720318540135348
0.096525536008403,0.15966177663307723,0.41869896652088434,0.21238955039414553,-0.1651330799828263
0.09778298757189388,0.15922552719321656,0.41095840275114737,0.21083596337154692,-0.16306297456429905
0.09904043913538478,0.15879531935070967,0.40350096129040436,0.2092823763489482,-0.16099286914577193
0.10029789069887568,0.15837120234070037,0.3972461838218021,0.20772878932634947,-0.15892276372724462
0.10155534226236657,0.15795322522630956,0.39135539882782,0.2061752023037507,-0.15685265830871742
0.10281279382585747,0.15754143687727548,0.3854646138338378,0.20462161528115203,-0.15478255289019022
0.10407024538934835,0.15713588594821012,0.3795738288398556,0.2030680282585533,-0.15271244747166307
0.10532769695283925,0.15673662085648732,0.37368304384587325,0.20151444123595447,-0.15064234205313565
0.10658514851633014,0.15634368975977467,0.36779225885189115,0.1999608542133558,-0.1485722366346084
0.10784260007982104,0.1559571405332252,0.36190147385790883,0.19840726719075713,-0.14650213121608124
0.10910005164331193,0.15557702074634505,0.35601068886392656,0.1968536801681584,-0.14443202579755393
0.11035750320680282,0.1552033776395548,0.3501199038699446,0.19530009314555963,-0.14236192037902684
0.11161495477029372,0.15483625810046192,0.3442291188759622,0.19374650612296096,-0.14029181496049964
0.1128724063337846,0.1544757086398652,0.3383383338819802,0.19219291910036224,-0.1382217095419725
0.1141298578972755,0.15412177536751012,0.3324475488879977,0.19063933207776346,-0.136151604123445
0.11538730946076639,0.15377450396761816,0.32655676389401567,0.1891339259778575,-0.13408149870491787
0.11664476102425729,0.1534339396742123,0.3206659789000335,0.18853005107016318,-0.1320113932863906
0.11790221258774819,0.15310012724626215,0.314775193906051,0.187926176162469,-0.12994128786786346
0.11915966415123908,0.15277311094267404,0.3088844089120691,0.1873223012547748,-0.1278711824493362
0.12041711571472996,0.15245293449715083,0.30299362391808654,0.18671842634708058,-0.1258010770308089
0.12167456727822086,0.15213964109294967,0.29710283892410455,0.18611455143938652,-0.12373097161228175
0.12293201884171176,0.15183327333756452,0.2912120539301223,0.1855106765316922,-0.12166086619375444
0.12418947040520265,0.1515338732373613,0.28532126893614046,0.18490680162399817,-0.1195907607752274
0.12544692196869356,0.15124148217219652,0.2794304839421575,0.18430292671630386,-0.11752065535669992
0.12670437353218444,0.15095614087004888,0.27353969894817554,0.18369905180860996,-0.11545054993817272
0.12796182509567533,0.1506778893816949,0.26764891395419343,0.18309517690091565,-0.11338044451964546
0.12921927665916622,0.15040676705546058,0.26175812896021144,0.18249130199322136,-0.11131033910111837
0.1304767282226571,0.1501428125120811,0.2558673439662288,0.18188742708552738,-0.10924023368259106
0.13173417978614801,0.1498860636197018,0.2499765589722469,0.18128355217783299,-0.10717012826406391
0.1329916313496389,0.14963655746905477,0.24580058682886216,0.18067967727013884,-0.10510002284553666
0.1342490829131298,0.14939433034884303,0.24189584699737315,0.18007580236244472,-0.1030299174270094
0.1355065344766207,0.14915941772136876,0.23799110716588412,0.17947192745475046,-0.10095981200848209
0.13676398604011158,0.14893185419843988,0.2340863673343953,0.17886805254705634,-0.09888970658995494
0.13802143760360247,0.14871167351758907,0.23018162750290652,0.17826417763936236,-0.0968196011714278
0.13927888916709336,0.14849890851864095,0.22627688767141732,0.17766030273166808,-0.09474949575290043
0.14053634073058427,0.14829359112066312,0.22237214783992834,0.177056427823974,-0.09267939033437317
0.14179379229407515,0.1480957522993356,0.2184674080084396,0.1764525529162797,-0.09060928491584602
0.14305124385756607,0.14790542206477422,0.21456266817695038,0.1758486780085855,-0.08853917949731877
0.14430869542105695,0.14772262943984202,0.2106579283454617,0.17560243084299015,-0.08646907407879156
0.14556614698454784,0.14754740243898506,0.20675318851397276,0.1761197855165857,-0.0843989686602643
0.14682359854803873,0.14737976804762506,0.20284844868248403,0.176637140190181,-0.08232886324173716
0.1480810501115296,0.14721975220214445,0.19894370885099463,0.17715449486377666,-0.08025875782320985
0.14933850167502052,0.1470673797704946,0.19503896901950565,0.17767184953737217,-0.07818865240468253
0.1505959532385114,0.14692267453346336,0.19113422918801673,0.1781892042109675,-0.07611854698615533
0.15185340480200232,0.14678565916663028,0.18722948935652783,0.1787065588845629,-0.07404844156762802
0.1531108563654932,0.14665635522304293,0.18332474952503924,0.17922391355815853,-0.07197833614910099
0.1543683079289841,0.14653478311664303,0.17942000969355007,0.17974126823175388,-0.06992983528756525
0.15562575949247498,0.1464209621064721,0.17551526986206092,0.18025862290534925,-0.0696433008465322
0.15688321105596587,0.14631491028168417,0.17161053003057228,0.18077597757894476,-0.0693567664054992
0.15814066261945678,0.14621664454739305,0.16770579019908324,0.18129333225254027,-0.06907023196446621
0.15939811418294766,0.1461261806113783,0.16380105036759435,0.1818106869261356,-0.06878369752343322
0.16065556574643858,0.14604353297167477,0.15989631053610523,0.18232804159973126,-0.06849716308240017
0.16191301730992946,0.14596871490506863,0.15599157070461647,0.18284539627332658,-0.06821062864136723
0.16317046887342035,0.14590173845652007,0.1520868308731273,0.18336275094692195,-0.06792409420033418
0.16442792043691123,0.1458426144295331,0.14897149845216634,0.18388010562051754,-0.06763755975930119
0.16568537200040212,0.14579135237748897,0.14618119149661465,0.184397460294113,-0.06735102531826825
0.166942823563893,0.14574796059596132,0.14339088454106289,0.18491481496770856,-0.0670644908772352
0.16820027512738392,0.14571244611602568,0.14060057758551123,0.18543216964130396,-0.06677795643620227
0.16945772669087483,0.14568481469857636,0.13781027062995924,0.1859495243148993,-0.06649142199516922
0.17071517825436572,0.14566507082966187,0.1350199636744075,0.1864668789884949,-0.06620488755413623
0.1719726298178566,0.1456532177168474,0.1322296567188559,0.1869842336620903,-0.06591835311310318
0.1732300813813475,0.1456492572866108,0.12943934976330418,0.18750158833568567,-0.06563181867207024
0.17448753294483837,0.14565319018277761,0.1266490428077525,0.1880189430092812,-0.06534528423103719
0.17574498450832926,0.14566501576599805,0.12385873585220081,0.1885362976828767,-0.0650587497900042
0.17700243607182017,0.14568473211426647,0.12106842889664898,0.18905365235647215,-0.06477221534897115
0.17825988763531106,0.14571233602448277,0.11827812194109733,0.18957100703006755,-0.06448568090793816
0.17951733919880197,0.14574782301505235,0.11581929776856631,0.1900883617036631,-0.06419914646690517
0.18077479076229286,0.14579118732952026,0.1142396559913974,0.19060571637725834,-0.06391261202587228
0.18203224232578374,0.1458424219412329,0.11266001421422855,0.191123071050854,-0.06362607758483918
0.18328969388927463,0.14590151855901629,0.11108037243705979,0.19164042572444928,-0.06333954314380613
0.18454714545276552,0.14596846763386404,0.10950073065989088,0.19215778039804482,-0.06305300870277314
0.18580459701625643,0.14604325836661852,0.10798096451501069,0.19267513507164039,-0.06276647426174015
0.18706204857974731,0.1461258787166339,0.10649126654191066,0.19319248974523584,-0.06247993982070715
0.18831950014323823,0.1462163154114032,0.10500156856881013,0.19370984441883116,-0.06219340537967416
0.1895769517067291,0.14631455395713233,0.10351187059570993,0.1942271990924268,-0.06190687093864117
0.19083440327022,0.14642057865024038,0.10202217262260976,0.19474455376602212,-0.061620336497608175
0.19209185483371088,0.14653437258976804,0.10053247464950965,0.19526190843961755,-0.061333802056575126
0.19334930639720177,0.1466559176906671,0.09904277667640948,0.19577926311321306,-0.06104726761554219
0.19460675796069268,0.14678519469795145,0.09755307870330912,0.19629661778680849,-0.060760733174509085
0.19586420952418357,0.14692218320168124,0.09606338073020881,0.19681397246040397,-0.0604741987334762
0.19712166108767448,0.14706686165275398,0.0950490362564608,0.19733132713399948,-0.0601876642924431
0.19837911265116537,0.14721920737947625,0.09562944370188786,0.1978486818075949,-0.059901129851410106
0.19963656421465625,0.14737919660488458,0.09620985114731487,0.19836603648119033,-0.059614595410377114
0.20089401577814714,0.1475468044647877,0.09679025859274193,0.19888339115478582,-0.059328060969344176
0.20215146734163802,0.14772200502649696,0.09737066603816893,0.19940074582838127,-0.05904152652831113
0.20340891890512894,0.14790477130821558,0.09899947933102665,0.19991810050197664,-0.05875499208727808
0.20466637046861982,0.14809507529905147,0.10124713076764677,0.20043545517557207,-0.05846845764624509
0.20592382203211074,0.1482928879796229,0.10349478220426711,0.20095280984916766,-0.058181923205212205
0.20718127359560162,0.14849817934322057,0.10574243364088715,0.20147016452276317,-0.057895388764179156
0.2084387251590925,0.1487109184174942,0.1079900850775074,0.20198751919635857,-0.057608854323146164
0.2096961767225834,0.14893107328662816,0.11023773651412769,0.202504873869954,-0.05732231988211306
0.21095362828607428,0.1491586111139697,0.11248538795074789,0.20302222854354945,-0.05703578544108018
0.2122110798495652,0.1493934981650772,0.11473303938736801,0.20353958321714485,-0.05674925100004702
0.21346853141305608,0.14963569983115146,0.11698069082398826,0.2040569378907402,-0.05646271655901408
0.21472598297654696,0.14988518065281523,0.11922834226060836,0.20457429256433596,-0.05617618211798109
0.21598343454003788,0.150141904344206,0.12147599369722875,0.2050916472379314,-0.055889647676948095
0.21724088610352876,0.15040583381734685,0.12372364513384887,0.20560900191152676,-0.05560311323591505
0.21849833766701965,0.15067693120676132,0.1259712965704689,0.20612635658512218,-0.055316578794882
0.21975578923051056,0.15095515789429612,0.1282189480070892,0.20664371125871767,-0.055030044353849006
0.22101324079400145,0.15124047453411957,0.13046659944370945,0.2071610659323131,-0.05474350991281618
0.22227069235749233,0.15153284107786197,0.13443148353999557,0.2076784206059084,-0.05445697547178302
0.22352814392098322,0.15183221679986253,0.13868376418115633,0.208195775279504,-0.05417044103075003
0.22478559548447413,0.15213856032249504,0.1429360448223173,0.20871312995309949,-0.053883906589717034
0.22604304704796502,0.15245182964153461,0.14718832546347796,0.209230484626695,-0.0535973721486841
0.2273004986114559,0.15277198215154023,0.15144060610463866,0.20974783930029042,-0.05331083770765099
0.22855795017494682,0.15309897467121933,0.15569288674579917,0.2102651939738859,-0.053024303266617945
0.2298154017384377,0.1534327634687449,0.1599451673869601,0.21078254864748122,-0.05273776882558495
0.2310728533019286,0.1537733042869991,0.16419744802812072,0.21129990332107668,-0.052451234384552126
0.23233030486541947,0.1541205523687132,0.16844972866928135,0.21181725799467216,-0.05216469994351902
0.2335877564289104,0.15447446248147811,0.17270200931044222,0.2123346126682677,-0.05239008545348278
0.23484520799240127,0.15483498894259962,0.17695428995160287,0.21285196734186312,-0.053600750631865535
0.23610265955589216,0.15520208564377405,0.18120657059276363,0.21336932201545872,-0.0548114158102484
0.23736011111938304,0.1555757060755592,0.18545885123392425,0.21388667668905392,-0.05602208098863121
0.23861756268287396,0.1559558033516205,0.18971113187508507,0.2144040313626494,-0.05723274616701407
0.23987501424636484,0.15634233023272637,0.1939634125162459,0.2149213860362449,-0.058443411345396906
0.24113246580985573,0.15673523915047782,0.1982156931574065,0.21543874070984043,-0.05965407652377969
0.24238991737334664,0.15713448223074755,0.20246797379856735,0.21595609538343588,-0.06086474170216258
0.24364736893683753,0.15754001131681375,0.20672025443972808,0.2164734500570314,-0.062075406880545414
0.2449048205003284,0.15795177799216936,0.21097253508088873,0.21699080473062687,-0.06328607205892822
0.2461622720638193,0.15836973360299106,0.21522481572204946,0.21750815940422227,-0.06449673723731109
0.2474197236273102,0.15879382928025315,0.2194770963632101,0.21802551407781778,-0.0657074024156939
0.2486771751908011,0.15922401596147198,0.2237293770043709,0.2185428687514132,-0.06691806759407676
0.24993462675429198,0.15966024441206708,0.2279816576455317,0.21906022342500864,-0.06812873277245954
0.2511920783177829,0.16010246524632904,0.23223393828669245,0.21957757809860404,-0.06933939795084243
0.2524495298812738,0.16055062894798022,0.23648621892785296,0.2200949327721996,-0.07055006312922524
0.25370698144476467,0.16100468589032152,0.2407384995690137,0.22061228744579503,-0.07176072830760805
0.25496443300825555,0.1614645863559538,0.24499078021017437,0.22112964211939057,-0.07297139348599085
0.25622188457174644,0.16193028055606648,0.2492430608513352,0.22164699679298583,-0.07418205866437369
0.2574793361352373,0.16240171864928846,0.253495341492496,0.2221643514665815,-0.07539272384275655
0.2587367876987282,0.1628788507600907,0.2579225756953253,0.22268170614017668,-0.07660338902113933
0.25999423926221915,0.16336162699674073,0.26239187849829315,0.22319906081377222,-0.07781405419952225
0.26125169082571004,0.16384999746879958,0.2668611813012607,0.22371641548736773,-0.07902471937790509
0.2625091423892009,0.16434391230416182,0.2713304841042281,0.22423377016096321,-0.0802353845562879
0.2637665939526918,0.1648433216656335,0.27579978690719575,0.22475112483455867,-0.08144604973467073
0.26502404551618275,0.16534817576704633,0.28026908971016373,0.22526847950815432,-0.08274336141589697
0.26628149707967363,0.16585842488890812,0.284738392513131,0.2257858341817494,-0.08441060540709
0.2675389486431645,0.16637401939358867,0.28920769531609847,0.22630318885534512,-0.0860778493982832
0.2687964002066554,0.16689490974003926,0.2942293899207854,0.2268205435289404,-0.08774509338947648
0.2700538517701463,0.1674210464980511,0.3003789808764678,0.22733789820253592,-0.08941233738066959
0.2713113033336372,0.16795238036204888,0.30652857183214965,0.2278552528761313,-0.0910795813718627
0.27256875489712806,0.1684888621644266,0.3126781627878321,0.22837260754972694,-0.09274682536305587
0.27382620646061895,0.16903044288842467,0.3188277537435143,0.22888996222332228,-0.09441406935424912
0.27508365802410983,0.16957707368055358,0.3249773446991966,0.2294073168969179,-0.09608131334544234
0.2763411095876007,0.170128705862567,0.33112693565487894,0.22992467157051327,-0.0977485573366354
0.2775985611510916,0.1706852909429892,0.33727652661056096,0.23044202624410873,-0.09941580132782857
0.27885601271458255,0.17124678062820015,0.3434261175662435,0.23209605169981698,-0.10108304531902187
0.28011346427807343,0.1718131268330857,0.3495757085219257,0.23408209686231016,-0.10275028931021507
0.2813709158415643,0.17238428169125558,0.35572529947760806,0.23606814202480347,-0.10441753330140818
0.28262836740505526,0.17296019756483672,0.3618748904332908,0.23805418718729685,-0.1060847772926014
0.28388581896854614,0.17354082705384807,0.3680244813889725,0.24004023234979013,-0.10775202128379457
0.28514327053203703,0.1741261230051622,0.3741740723446549,0.24202627751228326,-0.10941926527498771
0.2864007220955279,0.174716038521062,0.3803236633003373,0.24401232267477657,-0.11108650926618094
0.2876581736590188,0.17531052696739746,0.386473254256019,0.2459983678372697,-0.11275375325737405
0.2889156252225097,0.17590954198135197,0.39262284521170165,0.247984412999763,-0.1144209972485673
0.29017307678600057,0.17651303747882344,0.39877243616738367,0.24997045816225624,-0.11608824123976039
0.29143052834949146,0.17712096766142915,0.40492202712306596,0.25195650332474956,-0.11775548523095358
0.29268797991298234,0.17773328702314217,0.41107161807874815,0.25394254848724285,-0.11942272922214683
0.29394543147647323,0.17834995035656517,0.41722120903443083,0.2559285936497362,-0.12108997321334003
0.2952028830399641,0.1789709127588529,0.4233707999901126,0.25791463881222937,-0.12275721720453311
0.29646033460345506,0.1795961296372883,0.4295203909457952,0.2599006839747227,-0.12442446119572637
0.29771778616694594,0.1802255567145222,0.43566998190147754,0.2618867291372159,-0.12609170518691962
0.2989752377304368,0.180859150033484,0.44181957285715967,0.2638727742997091,-0.12775894917811279
0.30023268929392777,0.1814968659619723,0.4479691638128422,0.26585881946220247,-0.12942619316930593
0.30149014085741865,0.18213866119693284,0.4541187547685244,0.26784486462469587,-0.1310934371604993
0.30274759242090954,0.1827844927684322,0.4602683457242066,0.2698309097871891,-0.13276068115169232
0.3040050439844004,0.18343431804333685,0.4664179366798892,0.2718169549496825,-0.13442792514288557
0.3052624955478913,0.18408809472870358,0.4725675276355711,0.2738030001121756,-0.1360951691340787
0.3065199471113822,0.18474578087489102,0.47871711859125327,0.27578904527466896,-0.13776241312527185
0.3077773986748731,0.18540733487840064,0.4848667095469352,0.27777509043716214,-0.13942965711646502
0.30903485023836397,0.18607271548445414,0.4910163005026178,0.27976113559965543,-0.1410969011076583
0.31029230180185485,0.18674188178931597,0.49716589145829976,0.2817471807621486,-0.1427641450988514
0.31154975336534574,0.18741479324236968,0.5033154824139822,0.28373322592464195,-0.1444313890900445
0.3128072049288366,0.1880914096479541,0.5094650733696645,0.285719271087135,-0.14609863308123777
0.31406465649232757,0.18877169116697004,0.5156146643253467,0.2877053162496284,-0.1480551645911249
0.31532210805581845,0.18945559831826136,0.5217642552810291,0.2896913614121217,-0.15005979379566553
0.31657955961930934,0.1901430919797821,0.5279138462367112,0.29167740657461494,-0.152064423000206
0.3178370111828002,0.1908341333895549,0.5340634371923938,0.2936634517371083,-0.1540690522047466
0.31909446274629116,0.19152868414642762,0.5402130281480763,0.2956494968996016,-0.15607368140928718
0.32035191430978205,0.19222670621063725,0.5463626191037583,0.29763554206209475,-0.15807831061382774
0.32160936587327293,0.19292816190418746,0.5525122100594407,0.2996215872245882,-0.1600829398183683
0.3228668174367638,0.19363301391104543,0.5586711546779471,0.3016076323870813,-0.16208756902290866
0.3241242690002547,0.19434122527716796,0.5649212951087478,0.3035936775495747,-0.16409219822744922
0.3253817205637456,0.19505275941035988,0.5711714355395483,0.3055797227120679,-0.16609682743198978
0.3266391721272365,0.19576758007997552,0.5774215759703486,0.30756576787456125,-0.1681014566365303
0.32789662369072736,0.19648565141646493,0.5836717164011492,0.3095518130370543,-0.1701060858410709
0.32915407525421825,0.19720693791077573,0.5899218568319496,0.3115378581995477,-0.17211071504561143
0.33041152681770913,0.19793140441361387,0.5961719972627498,0.31352390336204083,-0.17411534425015174
0.3316689783812001,0.1986590161345708,0.6024221376935507,0.31550994852453434,-0.1761199734546925
0.33292642994469096,0.19938973864112158,0.6086722781243509,0.3174959936870275,-0.1781246026592329
0.33418388150818185,0.20012353785750184,0.6149224185551516,0.31948203884952076,-0.18012923186377344
0.33544133307167273,0.2008603800634664,0.6211725589859518,0.3214680840120141,-0.18213386106831397
0.3366987846351637,0.2016002318929382,0.6274226994167522,0.32345412917450733,-0.18413849027285453
0.3379562361986545,0.20234306033254948,0.6339163488390915,0.32544017433700045,-0.18614311947739504
